time,beat_pulses,rate_analogue
0.0,4.961623191833496,0
0.012,4.961623191833496,0
0.024,4.961623191833496,0
0.036,4.961623191833496,0
0.048,4.961623191833496,0
0.06,4.961623191833496,0
0.072,4.961623191833496,0
0.084,4.961623191833496,0
0.096,4.961623191833496,0
0.108,4.961623191833496,0
0.12,4.961623191833496,0
0.132,4.961623191833496,0
0.144,4.961623191833496,0
0.156,4.961623191833496,0
0.168,4.961623191833496,0
0.18,4.961623191833496,0
0.192,4.961623191833496,0
0.204,4.961623191833496,0
0.216,4.961623191833496,0
0.228,4.961623191833496,0
0.24,4.961623191833496,0
0.252,4.961623191833496,0
0.264,4.961623191833496,0
0.276,4.961623191833496,0
0.288,4.961623191833496,0
0.3,4.961623191833496,0
0.312,4.961623191833496,0
0.324,4.961623191833496,0
0.336,4.961623191833496,0
0.348,4.961623191833496,0
0.36,4.961623191833496,0
0.372,4.961623191833496,0
0.384,4.961623191833496,0
0.396,4.961623191833496,0
0.408,0.022308748215436935,0
0.42,0.022306935861706734,0
0.432,0.022306933999061584,0
0.444,0.022306933999061584,0
0.456,0.022306933999061584,0
0.468,0.022306935861706734,0
0.48,0.02230694144964218,0
0.492,4.961614608764648,0
0.504,4.961623191833496,0
0.516,4.961623191833496,0
0.528,4.961623191833496,0
0.54,4.961623191833496,0
0.552,4.961623191833496,0
0.564,4.961623191833496,0
0.576,4.961623191833496,0
0.588,4.961623191833496,0
0.6,4.961623191833496,0
0.612,4.961623191833496,0
0.624,4.961623191833496,0
0.636,4.961623191833496,0
0.648,4.961623191833496,0
0.66,4.961623191833496,0
0.672,4.961623191833496,0
0.684,4.961623191833496,0
0.696,4.961623191833496,0
0.708,4.961623191833496,0
0.72,4.961623191833496,0
0.732,4.961623191833496,0
0.744,4.961623191833496,0
0.756,4.961623191833496,0
0.768,4.961623191833496,0
0.78,4.961623191833496,0
0.792,4.961623191833496,0
0.804,4.961623191833496,0
0.816,4.961623191833496,0
0.828,4.961623191833496,0
0.84,4.961623191833496,0
0.852,4.961623191833496,0
0.864,4.961623191833496,0
0.876,4.961623191833496,0
0.888,4.961623191833496,0
0.9,4.961623191833496,0
0.912,4.961623191833496,0
0.924,4.961623191833496,0
0.936,4.961623191833496,0
0.948,4.961623191833496,0
0.96,4.961623191833496,0
0.972,4.961623191833496,0
0.984,4.961623191833496,0
0.996,4.961623191833496,0
1.008,4.961623191833496,0
1.02,4.961623191833496,0
1.032,4.961623191833496,0
1.044,4.961623191833496,0
1.056,4.961623191833496,0
1.068,4.961623191833496,0
1.08,4.961623191833496,0
1.092,4.961623191833496,0
1.104,4.961623191833496,0
1.116,4.961623191833496,0
1.128,4.961623191833496,0
1.14,4.961623191833496,0
1.152,4.961623191833496,0
1.164,4.961623191833496,0
1.176,4.961623191833496,0
1.188,4.961623191833496,0
1.2,4.961623191833496,0
1.212,4.961623191833496,0
1.224,4.961623191833496,0
1.236,4.961623191833496,0
1.248,4.961623191833496,0
1.26,4.961623191833496,0
1.272,4.961623191833496,0
1.284,4.961623191833496,0
1.296,4.961623191833496,0
1.308,4.961623191833496,0
1.32,4.961623191833496,0
1.332,4.961623191833496,0
1.344,4.961623191833496,0
1.356,4.961623191833496,0
1.368,4.961623191833496,0
1.38,4.961623191833496,0
1.392,4.961623191833496,0
1.404,4.961623191833496,0
1.416,4.961623191833496,0
1.428,4.961623191833496,0
1.44,4.961623191833496,0
1.452,4.961623191833496,0
1.464,4.961623191833496,0
1.476,4.961623191833496,0
1.488,4.961623191833496,0
1.5,4.961623191833496,0
1.512,4.961623191833496,0
1.524,4.961623191833496,0
1.536,0.022309506312012672,0
1.548,0.022306935861706734,0
1.56,0.022306933999061584,0
1.572,0.022306933999061584,0
1.584,0.022306933999061584,0
1.596,0.022306933999061584,0
1.608,0.022306933999061584,0
1.62,0.022306933999061584,0
1.632,0.022306933999061584,0
1.644,0.022306933999061584,0
1.656,0.022306933999061584,0
1.668,0.022306933999061584,0
1.68,0.022306933999061584,0
1.692,0.022306933999061584,0
1.704,0.022306933999061584,0
1.716,0.022306935861706734,0
1.728,4.96162223815918,0
1.74,4.961623191833496,0
1.752,4.961623191833496,0
1.764,4.961623191833496,0
1.776,4.961623191833496,0
1.788,4.961623191833496,0
1.8,4.961623191833496,0
1.812,4.961623191833496,0
1.824,4.961623191833496,0
1.836,4.961623191833496,0
1.848,4.961623191833496,0
1.86,4.961623191833496,0
1.872,4.961623191833496,0
1.884,4.961623191833496,0
1.896,4.961623191833496,0
1.908,4.961623191833496,0
1.92,4.961623191833496,0
1.932,4.961623191833496,0
1.944,4.961623191833496,0
1.956,4.961623191833496,0
1.968,4.961623191833496,0
1.98,4.961623191833496,0
1.992,4.961623191833496,0
2.004,4.961623191833496,0
2.016,4.961623191833496,0
2.028,4.961623191833496,0
2.04,4.961623191833496,0
2.052,4.961623191833496,0
2.064,4.961623191833496,0
2.076,4.961623191833496,0
2.088,4.961623191833496,0
2.1,4.961623191833496,0
2.112,4.961623191833496,0
2.124,4.961623191833496,0
2.136,4.961623191833496,0
2.148,4.961623191833496,0
2.16,4.961623191833496,0
2.172,4.961623191833496,0
2.184,4.961623191833496,0
2.196,4.961623191833496,0
2.208,4.961623191833496,0
2.22,4.961623191833496,0
2.232,4.961623191833496,0
2.244,4.961623191833496,0
2.256,4.961623191833496,0
2.268,4.961623191833496,0
2.28,4.961623191833496,0
2.292,4.961623191833496,0
2.304,4.961623191833496,0
2.316,4.961623191833496,0
2.328,4.961623191833496,0
2.34,4.961623191833496,0
2.352,4.961623191833496,0
2.364,4.961623191833496,0
2.376,4.961623191833496,0
2.388,4.961623191833496,0
2.4,4.961623191833496,0
2.412,4.961623191833496,0
2.424,4.961623191833496,0
2.436,4.961623191833496,0
2.448,4.961623191833496,0
2.46,4.961623191833496,0
2.472,4.961623191833496,0
2.484,4.961623191833496,0
2.496,4.961623191833496,0
2.508,4.961623191833496,0
2.52,4.961623191833496,0
2.532,4.961623191833496,0
2.544,4.961623191833496,0
2.556,4.961623191833496,0
2.568,4.961623191833496,0
2.58,4.961623191833496,0
2.592,4.961623191833496,0
2.604,4.961623191833496,0
2.616,4.961623191833496,0
2.628,4.961623191833496,0
2.64,4.961623191833496,0
2.652,4.961623191833496,0
2.664,4.961623191833496,0
2.676,4.961623191833496,0
2.688,4.961623191833496,0
2.7,4.961623191833496,0
2.712,4.961623191833496,0
2.724,4.961623191833496,0
2.736,0.022303713485598564,0
2.748,0.022306933999061584,0
2.76,0.022306933999061584,0
2.772,0.022306933999061584,0
2.784,0.022306933999061584,0
2.796,0.022306933999061584,0
2.808,0.022306933999061584,0
2.82,0.022306933999061584,0
2.832,0.022306933999061584,0
2.844,0.022306933999061584,0
2.856,0.022306933999061584,0
2.868,0.022306933999061584,0
2.88,0.022306933999061584,0
2.892,0.022306933999061584,0
2.904,0.022306933999061584,0
2.916,0.022306933999061584,0
2.928,0.022306935830919212,0
2.94,4.961606025695801,0
2.952,4.961623191833496,0
2.964,4.961623191833496,0
2.976,4.961623191833496,0
2.988,4.961623191833496,0
3.0,4.961623191833496,0
3.012,4.961623191833496,0
3.024,4.961623191833496,0
3.036,4.961623191833496,0
3.048,4.961623191833496,0
3.06,4.961623191833496,0
3.072,4.961623191833496,0
3.084,4.961623191833496,0
3.096,4.961623191833496,0
3.108,4.961623191833496,0
3.12,4.961623191833496,0
3.132,4.961623191833496,0
3.144,4.961623191833496,0
3.156,4.961623191833496,0
3.168,4.961623191833496,0
3.18,4.961623191833496,0
3.192,4.961623191833496,0
3.204,4.961623191833496,0
3.216,4.961623191833496,0
3.228,4.961623191833496,0
3.24,4.961623191833496,0
3.252,4.961623191833496,0
3.264,4.961623191833496,0
3.276,4.961623191833496,0
3.288,4.961623191833496,0
3.3,4.961623191833496,0
3.312,4.961623191833496,0
3.324,4.961623191833496,0
3.336,4.961623191833496,0
3.348,4.961623191833496,0
3.36,4.961623191833496,0
3.372,4.961623191833496,0
3.384,4.961623191833496,0
3.396,4.961623191833496,0
3.408,4.961623191833496,0
3.42,4.961623191833496,0
3.432,4.961623191833496,0
3.444,4.961623191833496,0
3.456,4.961623191833496,0
3.468,4.961623191833496,0
3.48,4.961623191833496,0
3.492,4.961623191833496,0
3.504,4.961623191833496,0
3.516,4.961623191833496,0
3.528,4.961623191833496,0
3.54,4.961623191833496,0
3.552,4.961623191833496,0
3.564,4.961623191833496,0
3.576,4.961623191833496,0
3.588,4.961623191833496,0
3.6,4.961623191833496,0
3.612,4.961623191833496,0
3.624,4.961623191833496,0
3.636,4.961623191833496,0
3.648,4.961623191833496,0
3.66,4.961623191833496,0
3.672,4.961623191833496,0
3.684,4.961623191833496,0
3.696,4.961623191833496,0
3.708,4.961623191833496,0
3.72,4.961623191833496,0
3.732,4.961623191833496,0
3.744,4.961623191833496,0
3.756,4.961623191833496,0
3.768,4.961623191833496,0
3.78,4.961623191833496,0
3.792,4.961623191833496,0
3.804,4.961623191833496,0
3.816,4.961623191833496,0
3.828,4.961623191833496,0
3.84,4.961623191833496,0
3.852,4.961623191833496,0
3.864,4.961623191833496,0
3.876,4.961623191833496,0
3.888,4.961623191833496,0
3.9,4.961623191833496,0
3.912,4.961623191833496,0
3.924,0.02231154963374138,0
3.936,0.022306935861706734,0
3.948,0.022306933999061584,0
3.96,0.022306933999061584,0
3.972,0.022306933999061584,0
3.984,0.022306933999061584,0
3.996,0.022306933999061584,0
4.008,0.022306933999061584,0
4.02,0.022306933999061584,0
4.032,0.022306933999061584,0
4.044,0.022306933999061584,0
4.056,0.022306933999061584,0
4.068,0.022306933999061584,0
4.08,0.022306933999061584,0
4.092,0.022306933999061584,0
4.104,0.02232347360300109,0
4.116,4.961611270904541,0
4.128,4.961623191833496,0
4.14,4.961623191833496,0
4.152,4.961623191833496,0
4.164,4.961623191833496,0
4.176,4.961623191833496,0
4.188,4.961623191833496,0
4.2,4.961623191833496,0
4.212,4.961623191833496,0
4.224,4.961623191833496,0
4.236,4.961623191833496,0
4.248,4.961623191833496,0
4.26,4.961623191833496,0
4.272,4.961623191833496,0
4.284,4.961623191833496,0
4.296,4.961623191833496,0
4.308,4.961623191833496,0
4.32,4.961623191833496,0
4.332,4.961623191833496,0
4.344,4.961623191833496,0
4.356,4.961623191833496,0
4.368,4.961623191833496,0
4.38,4.961623191833496,0
4.392,4.961623191833496,0
4.404,4.961623191833496,0
4.416,4.961623191833496,0
4.428,4.961623191833496,0
4.44,4.961623191833496,0
4.452,4.961623191833496,0
4.464,4.961623191833496,0
4.476,4.961623191833496,0
4.488,4.961623191833496,0
4.5,4.961623191833496,0
4.512,4.961623191833496,0
4.524,4.961623191833496,0
4.536,4.961623191833496,0
4.548,4.961623191833496,0
4.56,4.961623191833496,0
4.572,4.961623191833496,0
4.584,4.961623191833496,0
4.596,4.961623191833496,0
4.608,4.961623191833496,0
4.62,4.961623191833496,0
4.632,4.961623191833496,0
4.644,4.961623191833496,0
4.656,4.961623191833496,0
4.668,4.961623191833496,0
4.68,4.961623191833496,0
4.692,4.961623191833496,0
4.704,4.961623191833496,0
4.716,4.961623191833496,0
4.728,4.961623191833496,0
4.74,4.961623191833496,0
4.752,4.961623191833496,0
4.764,4.961623191833496,0
4.776,4.961623191833496,0
4.788,4.961623191833496,0
4.8,4.961623191833496,0
4.812,4.961623191833496,0
4.824,4.961623191833496,0
4.836,4.961623191833496,0
4.848,4.961623191833496,0
4.86,4.961623191833496,0
4.872,4.961623191833496,0
4.884,4.961623191833496,0
4.896,4.961623191833496,0
4.908,4.961623191833496,0
4.92,4.961623191833496,0
4.932,4.961623191833496,0
4.944,4.961623191833496,0
4.956,4.961623191833496,0
4.968,4.961623191833496,0
4.98,4.961623191833496,0
4.992,4.961623191833496,0
5.004,4.961623191833496,0
5.016,4.961623191833496,0
5.028,4.961623191833496,0
5.04,4.961623191833496,0
5.052,4.961623191833496,0
5.064,4.961623191833496,0
5.076,4.961623191833496,0
5.088,4.961623191833496,0
5.1,4.961623191833496,0
5.112,4.961623191833496,0
5.124,0.02231304906308651,0
5.136,0.022306935861706734,0
5.148,0.022306933999061584,0
5.16,0.022306933999061584,0
5.172,0.022306933999061584,0
5.184,0.022306933999061584,0
5.196,0.022306933999061584,0
5.208,0.022306933999061584,0
5.22,0.022306933999061584,0
5.232,0.022306933999061584,0
5.244,0.022306933999061584,0
5.256,0.022306933999061584,0
5.268,0.022306933999061584,0
5.28,0.022306933999061584,0
5.292,0.022306933999061584,0
5.304,0.022306935861706734,0
5.316,4.961637496948242,0
5.328,4.961623191833496,0
5.34,4.961623191833496,0
5.352,4.961623191833496,0
5.364,4.961623191833496,0
5.376,4.961623191833496,0
5.388,4.961623191833496,0
5.4,4.961623191833496,0
5.412,4.961623191833496,0
5.424,4.961623191833496,0
5.436,4.961623191833496,0
5.448,4.961623191833496,0
5.46,4.961623191833496,0
5.472,4.961623191833496,0
5.484,4.961623191833496,0
5.496,4.961623191833496,0
5.508,4.961623191833496,0
5.52,4.961623191833496,0
5.532,4.961623191833496,0
5.544,4.961623191833496,0
5.556,4.961623191833496,0
5.568,4.961623191833496,0
5.58,4.961623191833496,0
5.592,4.961623191833496,0
5.604,4.961623191833496,0
5.616,4.961623191833496,0
5.628,4.961623191833496,0
5.64,4.961623191833496,0
5.652,4.961623191833496,0
5.664,4.961623191833496,0
5.676,4.961623191833496,0
5.688,4.961623191833496,0
5.7,4.961623191833496,0
5.712,4.961623191833496,0
5.724,4.961623191833496,0
5.736,4.961623191833496,0
5.748,4.961623191833496,0
5.76,4.961623191833496,0
5.772,4.961623191833496,0
5.784,4.961623191833496,0
5.796,4.961623191833496,0
5.808,4.961623191833496,0
5.82,4.961623191833496,0
5.832,4.961623191833496,0
5.844,4.961623191833496,0
5.856,4.961623191833496,0
5.868,4.961623191833496,0
5.88,4.961623191833496,0
5.892,4.961623191833496,0
5.904,4.961623191833496,0
5.916,4.961623191833496,0
5.928,4.961623191833496,0
5.94,4.961623191833496,0
5.952,4.961623191833496,0
5.964,4.961623191833496,0
5.976,4.961623191833496,0
5.988,4.961623191833496,0
6.0,4.961623191833496,0
6.012,4.961623191833496,0
6.024,4.961623191833496,0
6.036,4.961623191833496,0
6.048,4.961623191833496,0
6.06,4.961623191833496,0
6.072,4.961623191833496,0
6.084,4.961623191833496,0
6.096,4.961623191833496,0
6.108,4.961623191833496,0
6.12,4.961623191833496,0
6.132,4.961623191833496,0
6.144,4.961623191833496,0
6.156,4.961623191833496,0
6.168,4.961623191833496,0
6.18,4.961623191833496,0
6.192,4.961623191833496,0
6.204,4.961623191833496,0
6.216,4.961623191833496,0
6.228,4.961623191833496,0
6.24,4.961623191833496,0
6.252,4.961623191833496,0
6.264,4.961623191833496,0
6.276,4.961623191833496,0
6.288,4.961623191833496,0
6.3,4.961623191833496,0
6.312,0.022304506972432137,0
6.324,0.022306933999061584,0
6.336,0.022306933999061584,0
6.348,0.022306933999061584,0
6.36,0.022306933999061584,0
6.372,0.022306933999061584,0
6.384,0.022306933999061584,0
6.396,0.022306933999061584,0
6.408,0.022306933999061584,0
6.42,0.022306933999061584,0
6.432,0.022306933999061584,0
6.444,0.022306933999061584,0
6.456,0.022306933999061584,0
6.468,0.022306933999061584,0
6.48,0.022306933999061584,0
6.492,0.022306933999061584,0
6.504,0.022306935861706734,0
6.516,4.961639404296875,0
6.528,4.961623191833496,0
6.54,4.961623191833496,0
6.552,4.961623191833496,0
6.564,4.961623191833496,0
6.576,4.961623191833496,0
6.588,4.961623191833496,0
6.6,4.961623191833496,0
6.612,4.961623191833496,0
6.624,4.961623191833496,0
6.636,4.961623191833496,0
6.648,4.961623191833496,0
6.66,4.961623191833496,0
6.672,4.961623191833496,0
6.684,4.961623191833496,0
6.696,4.961623191833496,0
6.708,4.961623191833496,0
6.72,4.961623191833496,0
6.732,4.961623191833496,0
6.744,4.961623191833496,0
6.756,4.961623191833496,0
6.768,4.961623191833496,0
6.78,4.961623191833496,0
6.792,4.961623191833496,0
6.804,4.961623191833496,0
6.816,4.961623191833496,0
6.828,4.961623191833496,0
6.84,4.961623191833496,0
6.852,4.961623191833496,0
6.864,4.961623191833496,0
6.876,4.961623191833496,0
6.888,4.961623191833496,0
6.9,4.961623191833496,0
6.912,4.961623191833496,0
6.924,4.961623191833496,0
6.936,4.961623191833496,0
6.948,4.961623191833496,0
6.96,4.961623191833496,0
6.972,4.961623191833496,0
6.984,4.961623191833496,0
6.996,4.961623191833496,0
7.008,4.961623191833496,0
7.02,4.961623191833496,0
7.032,4.961623191833496,0
7.044,4.961623191833496,0
7.056,4.961623191833496,0
7.068,4.961623191833496,0
7.08,4.961623191833496,0
7.092,4.961623191833496,0
7.104,4.961623191833496,0
7.116,4.961623191833496,0
7.128,4.961623191833496,0
7.14,4.961623191833496,0
7.152,4.961623191833496,0
7.164,4.961623191833496,0
7.176,4.961623191833496,0
7.188,4.961623191833496,0
7.2,4.961623191833496,0
7.212,4.961623191833496,0
7.224,4.961623191833496,0
7.236,4.961623191833496,0
7.248,4.961623191833496,0
7.26,4.961623191833496,0
7.272,4.961623191833496,0
7.284,4.961623191833496,0
7.296,4.961623191833496,0
7.308,4.961623191833496,0
7.32,4.961623191833496,0
7.332,4.961623191833496,0
7.344,4.961623191833496,0
7.356,4.961623191833496,0
7.368,4.961623191833496,0
7.38,4.961623191833496,0
7.392,4.961623191833496,0
7.404,4.961623191833496,0
7.416,4.961623191833496,0
7.428,4.961623191833496,0
7.44,4.961623191833496,0
7.452,4.961623191833496,0
7.464,4.961623191833496,0
7.476,4.961623191833496,0
7.488,4.961623191833496,0
7.5,4.961623191833496,0
7.512,4.961623191833496,0
7.524,0.022303497418761253,0
7.536,0.022306933999061584,0
7.548,0.022306933999061584,0
7.56,0.022306933999061584,0
7.572,0.022306933999061584,0
7.584,0.022306933999061584,0
7.596,0.022306933999061584,0
7.608,0.022306933999061584,0
7.62,0.022306933999061584,0
7.632,0.022306933999061584,0
7.644,0.022306933999061584,0
7.656,0.022306933999061584,0
7.668,0.022306933999061584,0
7.68,0.022306933999061584,0
7.692,0.022306933999061584,0
7.704,0.022306933999061584,0
7.716,0.022306935861706734,0
7.728,4.961605548858643,0
7.74,4.961623191833496,0
7.752,4.961623191833496,0
7.764,4.961623191833496,0
7.776,4.961623191833496,0
7.788,4.961623191833496,0
7.8,4.961623191833496,0
7.812,4.961623191833496,0
7.824,4.961623191833496,0
7.836,4.961623191833496,0
7.848,4.961623191833496,0
7.86,4.961623191833496,0
7.872,4.961623191833496,0
7.884,4.961623191833496,0
7.896,4.961623191833496,0
7.908,4.961623191833496,0
7.92,4.961623191833496,0
7.932,4.961623191833496,0
7.944,4.961623191833496,0
7.956,4.961623191833496,0
7.968,4.961623191833496,0
7.98,4.961623191833496,0
7.992,4.961623191833496,0
8.004,4.961623191833496,0
8.016,4.961623191833496,0
8.028,4.961623191833496,0
8.04,4.961623191833496,0
8.052,4.961623191833496,0
8.064,4.961623191833496,0
8.076,4.961623191833496,0
8.088,4.961623191833496,0
8.1,4.961623191833496,0
8.112,4.961623191833496,0
8.124,4.961623191833496,0
8.136,4.961623191833496,0
8.148,4.961623191833496,0
8.16,4.961623191833496,0
8.172,4.961623191833496,0
8.184,4.961623191833496,0
8.196,4.961623191833496,0
8.208,4.961623191833496,0
8.22,4.961623191833496,0
8.232,4.961623191833496,0
8.244,4.961623191833496,0
8.256,4.961623191833496,0
8.268,4.961623191833496,0
8.28,4.961623191833496,0
8.292,4.961623191833496,0
8.304,4.961623191833496,0
8.316,4.961623191833496,0
8.328,4.961623191833496,0
8.34,4.961623191833496,0
8.352,4.961623191833496,0
8.364,4.961623191833496,0
8.376,4.961623191833496,0
8.388,4.961623191833496,0
8.4,4.961623191833496,0
8.412,4.961623191833496,0
8.424,4.961623191833496,0
8.436,4.961623191833496,0
8.448,4.961623191833496,0
8.46,4.961623191833496,0
8.472,4.961623191833496,0
8.484,4.961623191833496,0
8.496,4.961623191833496,0
8.508,4.961623191833496,0
8.52,4.961623191833496,0
8.532,4.961623191833496,0
8.544,4.961623191833496,0
8.556,4.961623191833496,0
8.568,4.961623191833496,0
8.58,4.961623191833496,0
8.592,4.961623191833496,0
8.604,4.961623191833496,0
8.616,4.961623191833496,0
8.628,4.961623191833496,0
8.64,4.961623191833496,0
8.652,4.961623191833496,0
8.664,4.961623191833496,0
8.676,4.961623191833496,0
8.688,4.961623191833496,0
8.7,4.961623191833496,0
8.712,4.961623191833496,0
8.724,4.961623191833496,0
8.736,0.02230464294552803,0
8.748,0.022306933999061584,0
8.76,0.022306933999061584,0
8.772,0.022306933999061584,0
8.784,0.022306933999061584,0
8.796,0.022306933999061584,0
8.808,0.022306933999061584,0
8.82,0.022306933999061584,0
8.832,0.022306933999061584,0
8.844,0.022306933999061584,0
8.856,0.022306933999061584,0
8.868,0.022306933999061584,0
8.88,0.022306933999061584,0
8.892,0.022306933999061584,0
8.904,0.022306933999061584,0
8.916,0.022306933999061584,0
8.928,0.022306935861706734,0
8.94,4.961604118347168,0
8.952,4.961623191833496,0
8.964,4.961623191833496,0
8.976,4.961623191833496,0
8.988,4.961623191833496,0
9.0,4.961623191833496,0
9.012,4.961623191833496,0
9.024,4.961623191833496,0
9.036,4.961623191833496,0
9.048,4.961623191833496,0
9.06,4.961623191833496,0
9.072,4.961623191833496,0
9.084,4.961623191833496,0
9.096,4.961623191833496,0
9.108,4.961623191833496,0
9.12,4.961623191833496,0
9.132,4.961623191833496,0
9.144,4.961623191833496,0
9.156,4.961623191833496,0
9.168,4.961623191833496,0
9.18,4.961623191833496,0
9.192,4.961623191833496,0
9.204,4.961623191833496,0
9.216,4.961623191833496,0
9.228,4.961623191833496,0
9.24,4.961623191833496,0
9.252,4.961623191833496,0
9.264,4.961623191833496,0
9.276,4.961623191833496,0
9.288,4.961623191833496,0
9.3,4.961623191833496,0
9.312,4.961623191833496,0
9.324,4.961623191833496,0
9.336,4.961623191833496,0
9.348,4.961623191833496,0
9.36,4.961623191833496,0
9.372,4.961623191833496,0
9.384,4.961623191833496,0
9.396,4.961623191833496,0
9.408,4.961623191833496,0
9.42,4.961623191833496,0
9.432,4.961623191833496,0
9.444,4.961623191833496,0
9.456,4.961623191833496,0
9.468,4.961623191833496,0
9.48,4.961623191833496,0
9.492,4.961623191833496,0
9.504,4.961623191833496,0
9.516,4.961623191833496,0
9.528,4.961623191833496,0
9.54,4.961623191833496,0
9.552,4.961623191833496,0
9.564,4.961623191833496,0
9.576,4.961623191833496,0
9.588,4.961623191833496,0
9.6,4.961623191833496,0
9.612,4.961623191833496,0
9.624,4.961623191833496,0
9.636,4.961623191833496,0
9.648,4.961623191833496,0
9.66,4.961623191833496,0
9.672,4.961623191833496,0
9.684,4.961623191833496,0
9.696,4.961623191833496,0
9.708,4.961623191833496,0
9.72,4.961623191833496,0
9.732,4.961623191833496,0
9.744,4.961623191833496,0
9.756,4.961623191833496,0
9.768,4.961623191833496,0
9.78,4.961623191833496,0
9.792,4.961623191833496,0
9.804,4.961623191833496,0
9.816,4.961623191833496,0
9.828,4.961623191833496,0
9.84,4.961623191833496,0
9.852,4.961623191833496,0
9.864,4.961623191833496,0
9.876,4.961623191833496,0
9.888,4.961623191833496,0
9.9,4.961623191833496,0
9.912,4.961623191833496,0
9.924,0.02231261134147644,0
9.936,0.022306935861706734,0
9.948,0.022306933999061584,0
9.96,0.022306933999061584,0
9.972,0.022306933999061584,0
9.984,0.022306933999061584,0
9.996,0.022306933999061584,0
10.008,0.022306933999061584,0
10.02,0.022306933999061584,0
10.032,0.022306933999061584,0
10.044,0.022306933999061584,0
10.056,0.022306933999061584,0
10.068,0.022306933999061584,0
10.08,0.022306933999061584,0
10.092,0.022306933999061584,0
10.104,0.022306933999061584,0
10.116,0.022306935861706734,0
10.128,4.961621284484863,0
10.14,4.961623668670654,0
10.152,4.961623191833496,0
10.164,4.961623191833496,0
10.176,4.961623191833496,0
10.188,4.961623191833496,0
10.2,4.961623191833496,0
10.212,4.961623191833496,0
10.224,4.961623191833496,0
10.236,4.961623191833496,0
10.248,4.961623191833496,0
10.26,4.961623191833496,0
10.272,4.961623191833496,0
10.284,4.961623191833496,0
10.296,4.961623191833496,0
10.308,4.961623191833496,0
10.32,4.961623191833496,0
10.332,4.961623191833496,0
10.344,4.961623191833496,0
10.356,4.961623191833496,0
10.368,4.961623191833496,0
10.38,4.961623191833496,0
10.392,4.961623191833496,0
10.404,4.961623191833496,0
10.416,4.961623191833496,0
10.428,4.961623191833496,0
10.44,4.961623191833496,0
10.452,4.961623191833496,0
10.464,4.961623191833496,0
10.476,4.961623191833496,0
10.488,4.961623191833496,0
10.5,4.961623191833496,0
10.512,4.961623191833496,0
10.524,4.961623191833496,0
10.536,4.961623191833496,0
10.548,4.961623191833496,0
10.56,4.961623191833496,0
10.572,4.961623191833496,0
10.584,4.961623191833496,0
10.596,4.961623191833496,0
10.608,4.961623191833496,0
10.62,4.961623191833496,0
10.632,4.961623191833496,0
10.644,4.961623191833496,0
10.656,4.961623191833496,0
10.668,4.961623191833496,0
10.68,4.961623191833496,0
10.692,4.961623191833496,0
10.704,4.961623191833496,0
10.716,4.961623191833496,0
10.728,4.961623191833496,0
10.74,4.961623191833496,0
10.752,4.961623191833496,0
10.764,4.961623191833496,0
10.776,4.961623191833496,0
10.788,4.961623191833496,0
10.8,4.961623191833496,0
10.812,4.961623191833496,0
10.824,4.961623191833496,0
10.836,4.961623191833496,0
10.848,4.961623191833496,0
10.86,4.961623191833496,0
10.872,4.961623191833496,0
10.884,4.961623191833496,0
10.896,4.961623191833496,0
10.908,4.961623191833496,0
10.92,4.961623191833496,0
10.932,4.961623191833496,0
10.944,4.961623191833496,0
10.956,4.961623191833496,0
10.968,4.961623191833496,0
10.98,4.961623191833496,0
10.992,4.961623191833496,0
11.004,4.961623191833496,0
11.016,4.961623191833496,0
11.028,4.961623191833496,0
11.04,4.961623191833496,0
11.052,4.961623191833496,0
11.064,4.961623191833496,0
11.076,4.961623191833496,0
11.088,4.961623191833496,0
11.1,4.961623191833496,0
11.112,4.961623191833496,0
11.124,4.961623191833496,0
11.136,0.0223082285374403,0
11.148,0.022306935861706734,0
11.16,0.022306933999061584,0
11.172,0.022306933999061584,0
11.184,0.022306933999061584,0
11.196,0.022306933999061584,0
11.208,0.022306933999061584,0
11.22,0.022306933999061584,0
11.232,0.022306933999061584,0
11.244,0.022306933999061584,0
11.256,0.022306933999061584,0
11.268,0.022306933999061584,0
11.28,0.022306933999061584,0
11.292,0.022306933999061584,0
11.304,0.022306933999061584,0
11.316,0.022306935861706734,0
11.328,0.022306939793957606,0
11.34,4.961637496948242,0
11.352,4.961623191833496,0
11.364,4.961623191833496,0
11.376,4.961623191833496,0
11.388,4.961623191833496,0
11.4,4.961623191833496,0
11.412,4.961623191833496,0
11.424,4.961623191833496,0
11.436,4.961623191833496,0
11.448,4.961623191833496,0
11.46,4.961623191833496,0
11.472,4.961623191833496,0
11.484,4.961623191833496,0
11.496,4.961623191833496,0
11.508,4.961623191833496,0
11.52,4.961623191833496,0
11.532,4.961623191833496,0
11.544,4.961623191833496,0
11.556,4.961623191833496,0
11.568,4.961623191833496,0
11.58,4.961623191833496,0
11.592,4.961623191833496,0
11.604,4.961623191833496,0
11.616,4.961623191833496,0
11.628,4.961623191833496,0
11.64,4.961623191833496,0
11.652,4.961623191833496,0
11.664,4.961623191833496,0
11.676,4.961623191833496,0
11.688,4.961623191833496,0
11.7,4.961623191833496,0
11.712,4.961623191833496,0
11.724,4.961623191833496,0
11.736,4.961623191833496,0
11.748,4.961623191833496,0
11.76,4.961623191833496,0
11.772,4.961623191833496,0
11.784,4.961623191833496,0
11.796,4.961623191833496,0
11.808,4.961623191833496,0
11.82,4.961623191833496,0
11.832,4.961623191833496,0
11.844,4.961623191833496,0
11.856,4.961623191833496,0
11.868,4.961623191833496,0
11.88,4.961623191833496,0
11.892,4.961623191833496,0
11.904,4.961623191833496,0
11.916,4.961623191833496,0
11.928,4.961623191833496,0
11.94,4.961623191833496,0
11.952,4.961623191833496,0
11.964,4.961623191833496,0
11.976,4.961623191833496,0
11.988,4.961623191833496,0
12.0,4.961623191833496,0
12.012,4.961623191833496,0
12.024,4.961623191833496,0
12.036,4.961623191833496,0
12.048,4.961623191833496,0
12.06,4.961623191833496,0
12.072,4.961623191833496,0
12.084,4.961623191833496,0
12.096,4.961623191833496,0
12.108,4.961623191833496,0
12.12,4.961623191833496,0
12.132,4.961623191833496,0
12.144,4.961623191833496,0
12.156,4.961623191833496,0
12.168,4.961623191833496,0
12.18,4.961623191833496,0
12.192,4.961623191833496,0
12.204,4.961623191833496,0
12.216,4.961623191833496,0
12.228,4.961623191833496,0
12.24,4.961623191833496,0
12.252,4.961623191833496,0
12.264,4.961623191833496,0
12.276,4.961623191833496,0
12.288,4.961623191833496,0
12.3,4.961623191833496,0
12.312,4.961623191833496,0
12.324,0.022306235507130623,0
12.336,0.022306933999061584,0
12.348,0.022306933999061584,0
12.36,0.022306933999061584,0
12.372,0.022306933999061584,0
12.384,0.022306933999061584,0
12.396,0.022306933999061584,0
12.408,0.022306933999061584,0
12.42,0.022306933999061584,0
12.432,0.022306933999061584,0
12.444,0.022306933999061584,0
12.456,0.022306933999061584,0
12.468,0.022306933999061584,0
12.48,0.022306933999061584,0
12.492,0.022306933999061584,0
12.504,0.022306933999061584,0
12.516,0.022306935861706734,0
12.528,0.02230694331228733,0
12.54,4.9616379737854,0
12.552,4.961623191833496,0
12.564,4.961623191833496,0
12.576,4.961623191833496,0
12.588,4.961623191833496,0
12.6,4.961623191833496,0
12.612,4.961623191833496,0
12.624,4.961623191833496,0
12.636,4.961623191833496,0
12.648,4.961623191833496,0
12.66,4.961623191833496,0
12.672,4.961623191833496,0
12.684,4.961623191833496,0
12.696,4.961623191833496,0
12.708,4.961623191833496,0
12.72,4.961623191833496,0
12.732,4.961623191833496,0
12.744,4.961623191833496,0
12.756,4.961623191833496,0
12.768,4.961623191833496,0
12.78,4.961623191833496,0
12.792,4.961623191833496,0
12.804,4.961623191833496,0
12.816,4.961623191833496,0
12.828,4.961623191833496,0
12.84,4.961623191833496,0
12.852,4.961623191833496,0
12.864,4.961623191833496,0
12.876,4.961623191833496,0
12.888,4.961623191833496,0
12.9,4.961623191833496,0
12.912,4.961623191833496,0
12.924,4.961623191833496,0
12.936,4.961623191833496,0
12.948,4.961623191833496,0
12.96,4.961623191833496,0
12.972,4.961623191833496,0
12.984,4.961623191833496,0
12.996,4.961623191833496,0
13.008,4.961623191833496,0
13.02,4.961623191833496,0
13.032,4.961623191833496,0
13.044,4.961623191833496,0
13.056,4.961623191833496,0
13.068,4.961623191833496,0
13.08,4.961623191833496,0
13.092,4.961623191833496,0
13.104,4.961623191833496,0
13.116,4.961623191833496,0
13.128,4.961623191833496,0
13.14,4.961623191833496,0
13.152,4.961623191833496,0
13.164,4.961623191833496,0
13.176,4.961623191833496,0
13.188,4.961623191833496,0
13.2,4.961623191833496,0
13.212,4.961623191833496,0
13.224,4.961623191833496,0
13.236,4.961623191833496,0
13.248,4.961623191833496,0
13.26,4.961623191833496,0
13.272,4.961623191833496,0
13.284,4.961623191833496,0
13.296,4.961623191833496,0
13.308,4.961623191833496,0
13.32,4.961623191833496,0
13.332,4.961623191833496,0
13.344,4.961623191833496,0
13.356,4.961623191833496,0
13.368,4.961623191833496,0
13.38,4.961623191833496,0
13.392,4.961623191833496,0
13.404,4.961623191833496,0
13.416,4.961623191833496,0
13.428,4.961623191833496,0
13.44,4.961623191833496,0
13.452,4.961623191833496,0
13.464,4.961623191833496,0
13.476,4.961623191833496,0
13.488,4.961623191833496,0
13.5,4.961623191833496,0
13.512,4.961623191833496,0
13.524,0.022311197593808174,0
13.536,0.022306933999061584,0
13.548,0.022306933999061584,0
13.56,0.022306933999061584,0
13.572,0.022306933999061584,0
13.584,0.022306933999061584,0
13.596,0.022306933999061584,0
13.608,0.022306933999061584,0
13.62,0.022306933999061584,0
13.632,0.022306933999061584,0
13.644,0.022306933999061584,0
13.656,0.022306933999061584,0
13.668,0.022306933999061584,0
13.68,0.022306933999061584,0
13.692,0.022306933999061584,0
13.704,0.022306935861706734,0
13.716,0.022306952625513077,0
13.728,4.9616241455078125,0
13.74,4.961623668670654,0
13.752,4.961623191833496,0
13.764,4.961623191833496,0
13.776,4.961623191833496,0
13.788,4.961623191833496,0
13.8,4.961623191833496,0
13.812,4.961623191833496,0
13.824,4.961623191833496,0
13.836,4.961623191833496,0
13.848,4.961623191833496,0
13.86,4.961623191833496,0
13.872,4.961623191833496,0
13.884,4.961623191833496,0
13.896,4.961623191833496,0
13.908,4.961623191833496,0
13.92,4.961623191833496,0
13.932,4.961623191833496,0
13.944,4.961623191833496,0
13.956,4.961623191833496,0
13.968,4.961623191833496,0
13.98,4.961623191833496,0
13.992,4.961623191833496,0
14.004,4.961623191833496,0
14.016,4.961623191833496,0
14.028,4.961623191833496,0
14.04,4.961623191833496,0
14.052,4.961623191833496,0
14.064,4.961623191833496,0
14.076,4.961623191833496,0
14.088,4.961623191833496,0
14.1,4.961623191833496,0
14.112,4.961623191833496,0
14.124,4.961623191833496,0
14.136,4.961623191833496,0
14.148,4.961623191833496,0
14.16,4.961623191833496,0
14.172,4.961623191833496,0
14.184,4.961623191833496,0
14.196,4.961623191833496,0
14.208,4.961623191833496,0
14.22,4.961623191833496,0
14.232,4.961623191833496,0
14.244,4.961623191833496,0
14.256,4.961623191833496,0
14.268,4.961623191833496,0
14.28,4.961623191833496,0
14.292,4.961623191833496,0
14.304,4.961623191833496,0
14.316,4.961623191833496,0
14.328,4.961623191833496,0
14.34,4.961623191833496,0
14.352,4.961623191833496,0
14.364,4.961623191833496,0
14.376,4.961623191833496,0
14.388,4.961623191833496,0
14.4,4.961623191833496,0
14.412,4.961623191833496,0
14.424,4.961623191833496,0
14.436,4.961623191833496,0
14.448,4.961623191833496,0
14.46,4.961623191833496,0
14.472,4.961623191833496,0
14.484,4.961623191833496,0
14.496,4.961623191833496,0
14.508,4.961623191833496,0
14.52,4.961623191833496,0
14.532,4.961623191833496,0
14.544,4.961623191833496,0
14.556,4.961623191833496,0
14.568,4.961623191833496,0
14.58,4.961623191833496,0
14.592,4.961623191833496,0
14.604,4.961623191833496,0
14.616,4.961623191833496,0
14.628,4.961623191833496,0
14.64,4.961623191833496,0
14.652,4.961623191833496,0
14.664,4.961623191833496,0
14.676,4.961623191833496,0
14.688,4.961623191833496,0
14.7,4.961623191833496,0
14.712,4.961623191833496,0
14.724,4.961623191833496,0
14.736,0.022308096289634705,0
14.748,0.022306935861706734,0
14.76,0.022306933999061584,0
14.772,0.022306933999061584,0
14.784,0.022306933999061584,0
14.796,0.022306933999061584,0
14.808,0.022306933999061584,0
14.82,0.022306933999061584,0
14.832,0.022306933999061584,0
14.844,0.022306933999061584,0
14.856,0.022306933999061584,0
14.868,0.022306933999061584,0
14.88,0.022306933999061584,0
14.892,0.022306933999061584,0
14.904,0.022306933999061584,0
14.916,0.022306937693307795,0
14.928,4.961618423461914,0
14.94,4.961623191833496,0
14.952,4.961623191833496,0
14.964,4.961623191833496,0
14.976,4.961623191833496,0
14.988,4.961623191833496,0
15.0,4.961623191833496,0
15.012,4.961623191833496,0
15.024,4.961623191833496,0
15.036,4.961623191833496,0
15.048,4.961623191833496,0
15.06,4.961623191833496,0
15.072,4.961623191833496,0
15.084,4.961623191833496,0
15.096,4.961623191833496,0
15.108,4.961623191833496,0
15.12,4.961623191833496,0
15.132,4.961623191833496,0
15.144,4.961623191833496,0
15.156,4.961623191833496,0
15.168,4.961623191833496,0
15.18,4.961623191833496,0
15.192,4.961623191833496,0
15.204,4.961623191833496,0
15.216,4.961623191833496,0
15.228,4.961623191833496,0
15.24,4.961623191833496,0
15.252,4.961623191833496,0
15.264,4.961623191833496,0
15.276,4.961623191833496,0
15.288,4.961623191833496,0
15.3,4.961623191833496,0
15.312,4.961623191833496,0
15.324,4.961623191833496,0
15.336,4.961623191833496,0
15.348,4.961623191833496,0
15.36,4.961623191833496,0
15.372,4.961623191833496,0
15.384,4.961623191833496,0
15.396,4.961623191833496,0
15.408,4.961623191833496,0
15.42,4.961623191833496,0
15.432,4.961623191833496,0
15.444,4.961623191833496,0
15.456,4.961623191833496,0
15.468,4.961623191833496,0
15.48,4.961623191833496,0
15.492,4.961623191833496,0
15.504,4.961623191833496,0
15.516,4.961623191833496,0
15.528,4.961623191833496,0
15.54,4.961623191833496,0
15.552,4.961623191833496,0
15.564,4.961623191833496,0
15.576,4.961623191833496,0
15.588,4.961623191833496,0
15.6,4.961623191833496,0
15.612,4.961623191833496,0
15.624,4.961623191833496,0
15.636,4.961623191833496,0
15.648,4.961623191833496,0
15.66,4.961623191833496,0
15.672,4.961623191833496,0
15.684,4.961623191833496,0
15.696,4.961623191833496,0
15.708,4.961623191833496,0
15.72,4.961623191833496,0
15.732,4.961623191833496,0
15.744,4.961623191833496,0
15.756,4.961623191833496,0
15.768,4.961623191833496,0
15.78,4.961623191833496,0
15.792,4.961623191833496,0
15.804,4.961623191833496,0
15.816,4.961623191833496,0
15.828,4.961623191833496,0
15.84,4.961623191833496,0
15.852,4.961623191833496,0
15.864,4.961623191833496,0
15.876,4.961623191833496,0
15.888,4.961623191833496,0
15.9,4.961623191833496,0
15.912,4.961623191833496,0
15.924,4.961623191833496,0
15.936,0.022314205765724182,0
15.948,0.022306935861706734,0
15.96,0.022306933999061584,0
15.972,0.022306933999061584,0
15.984,0.022306933999061584,0
15.996,0.022306933999061584,0
16.008,0.022306933999061584,0
16.02,0.022306933999061584,0
16.032,0.022306933999061584,0
16.044,0.022306933999061584,0
16.056,0.022306933999061584,0
16.068,0.022306933999061584,0
16.08,0.022306933999061584,0
16.092,0.022306933999061584,0
16.104,0.022306933999061584,0
16.116,0.022306942948844374,0
16.128,4.961639404296875,0
16.14,4.961623191833496,0
16.152,4.961623191833496,0
16.164,4.961623191833496,0
16.176,4.961623191833496,0
16.188,4.961623191833496,0
16.2,4.961623191833496,0
16.212,4.961623191833496,0
16.224,4.961623191833496,0
16.236,4.961623191833496,0
16.248,4.961623191833496,0
16.26,4.961623191833496,0
16.272,4.961623191833496,0
16.284,4.961623191833496,0
16.296,4.961623191833496,0
16.308,4.961623191833496,0
16.32,4.961623191833496,0
16.332,4.961623191833496,0
16.344,4.961623191833496,0
16.356,4.961623191833496,0
16.368,4.961623191833496,0
16.38,4.961623191833496,0
16.392,4.961623191833496,0
16.404,4.961623191833496,0
16.416,4.961623191833496,0
16.428,4.961623191833496,0
16.44,4.961623191833496,0
16.452,4.961623191833496,0
16.464,4.961623191833496,0
16.476,4.961623191833496,0
16.488,4.961623191833496,0
16.5,4.961623191833496,0
16.512,4.961623191833496,0
16.524,4.961623191833496,0
16.536,4.961623191833496,0
16.548,4.961623191833496,0
16.56,4.961623191833496,0
16.572,4.961623191833496,0
16.584,4.961623191833496,0
16.596,4.961623191833496,0
16.608,4.961623191833496,0
16.62,4.961623191833496,0
16.632,4.961623191833496,0
16.644,4.961623191833496,0
16.656,4.961623191833496,0
16.668,4.961623191833496,0
16.68,4.961623191833496,0
16.692,4.961623191833496,0
16.704,4.961623191833496,0
16.716,4.961623191833496,0
16.728,4.961623191833496,0
16.74,4.961623191833496,0
16.752,4.961623191833496,0
16.764,4.961623191833496,0
16.776,4.961623191833496,0
16.788,4.961623191833496,0
16.8,4.961623191833496,0
16.812,4.961623191833496,0
16.824,4.961623191833496,0
16.836,4.961623191833496,0
16.848,4.961623191833496,0
16.86,4.961623191833496,0
16.872,4.961623191833496,0
16.884,4.961623191833496,0
16.896,4.961623191833496,0
16.908,4.961623191833496,0
16.92,4.961623191833496,0
16.932,4.961623191833496,0
16.944,4.961623191833496,0
16.956,4.961623191833496,0
16.968,4.961623191833496,0
16.98,4.961623191833496,0
16.992,4.961623191833496,0
17.004,4.961623191833496,0
17.016,4.961623191833496,0
17.028,4.961623191833496,0
17.04,4.961623191833496,0
17.052,4.961623191833496,0
17.064,4.961623191833496,0
17.076,4.961623191833496,0
17.088,4.961623191833496,0
17.1,4.961623191833496,0
17.112,4.961623191833496,0
17.124,0.022309619933366776,0
17.136,0.022306933999061584,0
17.148,0.022306933999061584,0
17.16,0.022306933999061584,0
17.172,0.022306933999061584,0
17.184,0.022306933999061584,0
17.196,0.022306933999061584,0
17.208,0.022306933999061584,0
17.22,0.022306933999061584,0
17.232,0.022306933999061584,0
17.244,0.022306933999061584,0
17.256,0.022306933999061584,0
17.268,0.022306933999061584,0
17.28,0.022306933999061584,0
17.292,0.022306933999061584,0
17.304,0.022306933999061584,0
17.316,0.022306935861706734,0
17.328,4.961611747741699,0
17.34,4.961623668670654,0
17.352,4.961623191833496,0
17.364,4.961623191833496,0
17.376,4.961623191833496,0
17.388,4.961623191833496,0
17.4,4.961623191833496,0
17.412,4.961623191833496,0
17.424,4.961623191833496,0
17.436,4.961623191833496,0
17.448,4.961623191833496,0
17.46,4.961623191833496,0
17.472,4.961623191833496,0
17.484,4.961623191833496,0
17.496,4.961623191833496,0
17.508,4.961623191833496,0
17.52,4.961623191833496,0
17.532,4.961623191833496,0
17.544,4.961623191833496,0
17.556,4.961623191833496,0
17.568,4.961623191833496,0
17.58,4.961623191833496,0
17.592,4.961623191833496,0
17.604,4.961623191833496,0
17.616,4.961623191833496,0
17.628,4.961623191833496,0
17.64,4.961623191833496,0
17.652,4.961623191833496,0
17.664,4.961623191833496,0
17.676,4.961623191833496,0
17.688,4.961623191833496,0
17.7,4.961623191833496,0
17.712,4.961623191833496,0
17.724,4.961623191833496,0
17.736,4.961623191833496,0
17.748,4.961623191833496,0
17.76,4.961623191833496,0
17.772,4.961623191833496,0
17.784,4.961623191833496,0
17.796,4.961623191833496,0
17.808,4.961623191833496,0
17.82,4.961623191833496,0
17.832,4.961623191833496,0
17.844,4.961623191833496,0
17.856,4.961623191833496,0
17.868,4.961623191833496,0
17.88,4.961623191833496,0
17.892,4.961623191833496,0
17.904,4.961623191833496,0
17.916,4.961623191833496,0
17.928,4.961623191833496,0
17.94,4.961623191833496,0
17.952,4.961623191833496,0
17.964,4.961623191833496,0
17.976,4.961623191833496,0
17.988,4.961623191833496,0
18.0,4.961623191833496,0
18.012,4.961623191833496,0
18.024,4.961623191833496,0
18.036,4.961623191833496,0
18.048,4.961623191833496,0
18.06,4.961623191833496,0
18.072,4.961623191833496,0
18.084,4.961623191833496,0
18.096,4.961623191833496,0
18.108,4.961623191833496,0
18.12,4.961623191833496,0
18.132,4.961623191833496,0
18.144,4.961623191833496,0
18.156,4.961623191833496,0
18.168,4.961623191833496,0
18.18,4.961623191833496,0
18.192,4.961623191833496,0
18.204,4.961623191833496,0
18.216,4.961623191833496,0
18.228,4.961623191833496,0
18.24,4.961623191833496,0
18.252,4.961623191833496,0
18.264,4.961623191833496,0
18.276,4.961623191833496,0
18.288,4.961623191833496,0
18.3,4.961623191833496,0
18.312,4.961623191833496,0
18.324,4.961623191833496,0
18.336,0.022293565794825554,0
18.348,0.022306937724351883,0
18.36,0.022306933999061584,0
18.372,0.022306933999061584,0
18.384,0.022306933999061584,0
18.396,0.022306933999061584,0
18.408,0.022306933999061584,0
18.42,0.022306933999061584,0
18.432,0.022306933999061584,0
18.444,0.022306933999061584,0
18.456,0.022306933999061584,0
18.468,0.022306933999061584,0
18.48,0.022306933999061584,0
18.492,0.022306933999061584,0
18.504,0.022306935861706734,0
18.516,4.961633205413818,0
18.528,4.961623191833496,0
18.54,4.961623191833496,0
18.552,4.961623191833496,0
18.564,4.961623191833496,0
18.576,4.961623191833496,0
18.588,4.961623191833496,0
18.6,4.961623191833496,0
18.612,4.961623191833496,0
18.624,4.961623191833496,0
18.636,4.961623191833496,0
18.648,4.961623191833496,0
18.66,4.961623191833496,0
18.672,4.961623191833496,0
18.684,4.961623191833496,0
18.696,4.961623191833496,0
18.708,4.961623191833496,0
18.72,4.961623191833496,0
18.732,4.961623191833496,0
18.744,4.961623191833496,0
18.756,4.961623191833496,0
18.768,4.961623191833496,0
18.78,4.961623191833496,0
18.792,4.961623191833496,0
18.804,4.961623191833496,0
18.816,4.961623191833496,0
18.828,4.961623191833496,0
18.84,4.961623191833496,0
18.852,4.961623191833496,0
18.864,4.961623191833496,0
18.876,4.961623191833496,0
18.888,4.961623191833496,0
18.9,4.961623191833496,0
18.912,4.961623191833496,0
18.924,4.961623191833496,0
18.936,4.961623191833496,0
18.948,4.961623191833496,0
18.96,4.961623191833496,0
18.972,4.961623191833496,0
18.984,4.961623191833496,0
18.996,4.961623191833496,0
19.008,4.961623191833496,0
19.02,4.961623191833496,0
19.032,4.961623191833496,0
19.044,4.961623191833496,0
19.056,4.961623191833496,0
19.068,4.961623191833496,0
19.08,4.961623191833496,0
19.092,4.961623191833496,0
19.104,4.961623191833496,0
19.116,4.961623191833496,0
19.128,4.961623191833496,0
19.14,4.961623191833496,0
19.152,4.961623191833496,0
19.164,4.961623191833496,0
19.176,4.961623191833496,0
19.188,4.961623191833496,0
19.2,4.961623191833496,0
19.212,4.961623191833496,0
19.224,4.961623191833496,0
19.236,4.961623191833496,0
19.248,4.961623191833496,0
19.26,4.961623191833496,0
19.272,4.961623191833496,0
19.284,4.961623191833496,0
19.296,4.961623191833496,0
19.308,4.961623191833496,0
19.32,4.961623191833496,0
19.332,4.961623191833496,0
19.344,4.961623191833496,0
19.356,4.961623191833496,0
19.368,4.961623191833496,0
19.38,4.961623191833496,0
19.392,4.961623191833496,0
19.404,4.961623191833496,0
19.416,4.961623191833496,0
19.428,4.961623191833496,0
19.44,4.961623191833496,0
19.452,4.961623191833496,0
19.464,4.961623191833496,0
19.476,4.961623191833496,0
19.488,4.961623191833496,0
19.5,4.961623191833496,0
19.512,4.961623191833496,0
19.524,4.961623191833496,0
19.536,0.02230251394212246,0
19.548,0.022306933999061584,0
19.56,0.022306933999061584,0
19.572,0.022306933999061584,0
19.584,0.022306933999061584,0
19.596,0.022306933999061584,0
19.608,0.022306933999061584,0
19.62,0.022306933999061584,0
19.632,0.022306933999061584,0
19.644,0.022306933999061584,0
19.656,0.022306933999061584,0
19.668,0.022306933999061584,0
19.68,0.022306933999061584,0
19.692,0.022306933999061584,0
19.704,0.022306935830919212,0
19.716,0.02230694890022278,0
19.728,4.961622714996338,0
19.74,4.961623191833496,0
19.752,4.961623191833496,0
19.764,4.961623191833496,0
19.776,4.961623191833496,0
19.788,4.961623191833496,0
19.8,4.961623191833496,0
19.812,4.961623191833496,0
19.824,4.961623191833496,0
19.836,4.961623191833496,0
19.848,4.961623191833496,0
19.86,4.961623191833496,0
19.872,4.961623191833496,0
19.884,4.961623191833496,0
19.896,4.961623191833496,0
19.908,4.961623191833496,0
19.92,4.961623191833496,0
19.932,4.961623191833496,0
19.944,4.961623191833496,0
19.956,4.961623191833496,0
19.968,4.961623191833496,0
19.98,4.961623191833496,0
19.992,4.961623191833496,0
20.004,4.961623191833496,0
20.016,4.961623191833496,0
20.028,4.961623191833496,0
20.04,4.961623191833496,0
20.052,4.961623191833496,0
20.064,4.961623191833496,0
20.076,4.961623191833496,0
20.088,4.961623191833496,0
20.1,4.961623191833496,0
20.112,4.961623191833496,0
20.124,4.961623191833496,0
20.136,4.961623191833496,0
20.148,4.961623191833496,0
20.16,4.961623191833496,0
20.172,4.961623191833496,0
20.184,4.961623191833496,0
20.196,4.961623191833496,0
20.208,4.961623191833496,0
20.22,4.961623191833496,0
20.232,4.961623191833496,0
20.244,4.961623191833496,0
20.256,4.961623191833496,0
20.268,4.961623191833496,0
20.28,4.961623191833496,0
20.292,4.961623191833496,0
20.304,4.961623191833496,0
20.316,4.961623191833496,0
20.328,4.961623191833496,0
20.34,4.961623191833496,0
20.352,4.961623191833496,0
20.364,4.961623191833496,0
20.376,4.961623191833496,0
20.388,4.961623191833496,0
20.4,4.961623191833496,0
20.412,4.961623191833496,0
20.424,4.961623191833496,0
20.436,4.961623191833496,0
20.448,4.961623191833496,0
20.46,4.961623191833496,0
20.472,4.961623191833496,0
20.484,4.961623191833496,0
20.496,4.961623191833496,0
20.508,4.961623191833496,0
20.52,4.961623191833496,0
20.532,4.961623191833496,0
20.544,4.961623191833496,0
20.556,4.961623191833496,0
20.568,4.961623191833496,0
20.58,4.961623191833496,0
20.592,4.961623191833496,0
20.604,4.961623191833496,0
20.616,4.961623191833496,0
20.628,4.961623191833496,0
20.64,4.961623191833496,0
20.652,4.961623191833496,0
20.664,4.961623191833496,0
20.676,4.961623191833496,0
20.688,4.961623191833496,0
20.7,4.961623191833496,0
20.712,4.961623191833496,0
20.724,4.961623191833496,0
20.736,4.961623191833496,0
20.748,0.022298533469438553,0
20.76,0.022306933999061584,0
20.772,0.022306933999061584,0
20.784,0.022306933999061584,0
20.796,0.022306933999061584,0
20.808,0.022306933999061584,0
20.82,0.022306933999061584,0
20.832,0.022306933999061584,0
20.844,0.022306933999061584,0
20.856,0.022306933999061584,0
20.868,0.022306933999061584,0
20.88,0.022306933999061584,0
20.892,0.022306933999061584,0
20.904,0.022306933999061584,0
20.916,0.022306933999061584,0
20.928,0.022306935861706734,0
20.94,4.961605548858643,0
20.952,4.961623191833496,0
20.964,4.961623191833496,0
20.976,4.961623191833496,0
20.988,4.961623191833496,0
21.0,4.961623191833496,0
21.012,4.961623191833496,0
21.024,4.961623191833496,0
21.036,4.961623191833496,0
21.048,4.961623191833496,0
21.06,4.961623191833496,0
21.072,4.961623191833496,0
21.084,4.961623191833496,0
21.096,4.961623191833496,0
21.108,4.961623191833496,0
21.12,4.961623191833496,0
21.132,4.961623191833496,0
21.144,4.961623191833496,0
21.156,4.961623191833496,0
21.168,4.961623191833496,0
21.18,4.961623191833496,0
21.192,4.961623191833496,0
21.204,4.961623191833496,0
21.216,4.961623191833496,0
21.228,4.961623191833496,0
21.24,4.961623191833496,0
21.252,4.961623191833496,0
21.264,4.961623191833496,0
21.276,4.961623191833496,0
21.288,4.961623191833496,0
21.3,4.961623191833496,0
21.312,4.961623191833496,0
21.324,4.961623191833496,0
21.336,4.961623191833496,0
21.348,4.961623191833496,0
21.36,4.961623191833496,0
21.372,4.961623191833496,0
21.384,4.961623191833496,0
21.396,4.961623191833496,0
21.408,4.961623191833496,0
21.42,4.961623191833496,0
21.432,4.961623191833496,0
21.444,4.961623191833496,0
21.456,4.961623191833496,0
21.468,4.961623191833496,0
21.48,4.961623191833496,0
21.492,4.961623191833496,0
21.504,4.961623191833496,0
21.516,4.961623191833496,0
21.528,4.961623191833496,0
21.54,4.961623191833496,0
21.552,4.961623191833496,0
21.564,4.961623191833496,0
21.576,4.961623191833496,0
21.588,4.961623191833496,0
21.6,4.961623191833496,0
21.612,4.961623191833496,0
21.624,4.961623191833496,0
21.636,4.961623191833496,0
21.648,4.961623191833496,0
21.66,4.961623191833496,0
21.672,4.961623191833496,0
21.684,4.961623191833496,0
21.696,4.961623191833496,0
21.708,4.961623191833496,0
21.72,4.961623191833496,0
21.732,4.961623191833496,0
21.744,4.961623191833496,0
21.756,4.961623191833496,0
21.768,4.961623191833496,0
21.78,4.961623191833496,0
21.792,4.961623191833496,0
21.804,4.961623191833496,0
21.816,4.961623191833496,0
21.828,4.961623191833496,0
21.84,4.961623191833496,0
21.852,4.961623191833496,0
21.864,4.961623191833496,0
21.876,4.961623191833496,0
21.888,4.961623191833496,0
21.9,4.961623191833496,0
21.912,4.961623191833496,0
21.924,4.961623191833496,0
21.936,0.02230551652610302,0
21.948,0.022306933999061584,0
21.96,0.022306933999061584,0
21.972,0.022306933999061584,0
21.984,0.022306933999061584,0
21.996,0.022306933999061584,0
22.008,0.022306933999061584,0
22.02,0.022306933999061584,0
22.032,0.022306933999061584,0
22.044,0.022306933999061584,0
22.056,0.022306933999061584,0
22.068,0.022306933999061584,0
22.08,0.022306933999061584,0
22.092,0.022306933999061584,0
22.104,0.022306933999061584,0
22.116,0.022306933999061584,0
22.128,0.022306935861706734,0
22.14,0.022306935861706734,0
22.152,4.961638927459717,0
22.164,4.961623668670654,0
22.176,4.961623191833496,0
22.188,4.961623191833496,0
22.2,4.961623191833496,0
22.212,4.961623191833496,0
22.224,4.961623191833496,0
22.236,4.961623191833496,0
22.248,4.961623191833496,0
22.26,4.961623191833496,0
22.272,4.961623191833496,0
22.284,4.961623191833496,0
22.296,4.961623191833496,0
22.308,4.961623191833496,0
22.32,4.961623191833496,0
22.332,4.961623191833496,0
22.344,4.961623191833496,0
22.356,4.961623191833496,0
22.368,4.961623191833496,0
22.38,4.961623191833496,0
22.392,4.961623191833496,0
22.404,4.961623191833496,0
22.416,4.961623191833496,0
22.428,4.961623191833496,0
22.44,4.961623191833496,0
22.452,4.961623191833496,0
22.464,4.961623191833496,0
22.476,4.961623191833496,0
22.488,4.961623191833496,0
22.5,4.961623191833496,0
22.512,4.961623191833496,0
22.524,4.961623191833496,0
22.536,4.961623191833496,0
22.548,4.961623191833496,0
22.56,4.961623191833496,0
22.572,4.961623191833496,0
22.584,4.961623191833496,0
22.596,4.961623191833496,0
22.608,4.961623191833496,0
22.62,4.961623191833496,0
22.632,4.961623191833496,0
22.644,4.961623191833496,0
22.656,4.961623191833496,0
22.668,4.961623191833496,0
22.68,4.961623191833496,0
22.692,4.961623191833496,0
22.704,4.961623191833496,0
22.716,4.961623191833496,0
22.728,4.961623191833496,0
22.74,4.961623191833496,0
22.752,4.961623191833496,0
22.764,4.961623191833496,0
22.776,4.961623191833496,0
22.788,4.961623191833496,0
22.8,4.961623191833496,0
22.812,4.961623191833496,0
22.824,4.961623191833496,0
22.836,4.961623191833496,0
22.848,4.961623191833496,0
22.86,4.961623191833496,0
22.872,4.961623191833496,0
22.884,4.961623191833496,0
22.896,4.961623191833496,0
22.908,4.961623191833496,0
22.92,4.961623191833496,0
22.932,4.961623191833496,0
22.944,4.961623191833496,0
22.956,4.961623191833496,0
22.968,4.961623191833496,0
22.98,4.961623191833496,0
22.992,4.961623191833496,0
23.004,4.961623191833496,0
23.016,4.961623191833496,0
23.028,4.961623191833496,0
23.04,4.961623191833496,0
23.052,4.961623191833496,0
23.064,4.961623191833496,0
23.076,4.961623191833496,0
23.088,4.961623191833496,0
23.1,4.961623191833496,0
23.112,4.961623191833496,0
23.124,4.961623191833496,0
23.136,0.0223070215433836,0
23.148,0.022306935861706734,0
23.16,0.022306933999061584,0
23.172,0.022306933999061584,0
23.184,0.022306933999061584,0
23.196,0.022306933999061584,0
23.208,0.022306933999061584,0
23.22,0.022306933999061584,0
23.232,0.022306933999061584,0
23.244,0.022306933999061584,0
23.256,0.022306933999061584,0
23.268,0.022306933999061584,0
23.28,0.022306933999061584,0
23.292,0.022306933999061584,0
23.304,0.022306933999061584,0
23.316,4.96163272857666,0
23.328,4.961623191833496,0
23.34,4.961623191833496,0
23.352,4.961623191833496,0
23.364,4.961623191833496,0
23.376,4.961623191833496,0
23.388,4.961623191833496,0
23.4,4.961623191833496,0
23.412,4.961623191833496,0
23.424,4.961623191833496,0
23.436,4.961623191833496,0
23.448,4.961623191833496,0
23.46,4.961623191833496,0
23.472,4.961623191833496,0
23.484,4.961623191833496,0
23.496,4.961623191833496,0
23.508,4.961623191833496,0
23.52,4.961623191833496,0
23.532,4.961623191833496,0
23.544,4.961623191833496,0
23.556,4.961623191833496,0
23.568,4.961623191833496,0
23.58,4.961623191833496,0
23.592,4.961623191833496,0
23.604,4.961623191833496,0
23.616,4.961623191833496,0
23.628,4.961623191833496,0
23.64,4.961623191833496,0
23.652,4.961623191833496,0
23.664,4.961623191833496,0
23.676,4.961623191833496,0
23.688,4.961623191833496,0
23.7,4.961623191833496,0
23.712,4.961623191833496,0
23.724,4.961623191833496,0
23.736,4.961623191833496,0
23.748,4.961623191833496,0
23.76,4.961623191833496,0
23.772,4.961623191833496,0
23.784,4.961623191833496,0
23.796,4.961623191833496,0
23.808,4.961623191833496,0
23.82,4.961623191833496,0
23.832,4.961623191833496,0
23.844,4.961623191833496,0
23.856,4.961623191833496,0
23.868,4.961623191833496,0
23.88,4.961623191833496,0
23.892,4.961623191833496,0
23.904,4.961623191833496,0
23.916,4.961623191833496,0
23.928,4.961623191833496,0
23.94,4.961623191833496,0
23.952,4.961623191833496,0
23.964,4.961623191833496,0
23.976,4.961623191833496,0
23.988,4.961623191833496,0
24.0,4.961623191833496,0
24.012,4.961623191833496,0
24.024,4.961623191833496,0
24.036,4.961623191833496,0
24.048,4.961623191833496,0
24.06,4.961623191833496,0
24.072,4.961623191833496,0
24.084,4.961623191833496,0
24.096,4.961623191833496,0
24.108,4.961623191833496,0
24.12,4.961623191833496,0
24.132,4.961623191833496,0
24.144,4.961623191833496,0
24.156,4.961623191833496,0
24.168,4.961623191833496,0
24.18,4.961623191833496,0
24.192,4.961623191833496,0
24.204,4.961623191833496,0
24.216,4.961623191833496,0
24.228,4.961623191833496,0
24.24,4.961623191833496,0
24.252,4.961623191833496,0
24.264,4.961623191833496,0
24.276,4.961623191833496,0
24.288,4.961623191833496,0
24.3,4.961623191833496,0
24.312,4.961623191833496,0
24.324,4.961623191833496,0
24.336,0.022308168932795525,0
24.348,0.022306935861706734,0
24.36,0.022306933999061584,0
24.372,0.022306933999061584,0
24.384,0.022306933999061584,0
24.396,0.022306933999061584,0
24.408,0.022306933999061584,0
24.42,0.022306933999061584,0
24.432,0.022306933999061584,0
24.444,0.022306933999061584,0
24.456,0.022306933999061584,0
24.468,0.022306933999061584,0
24.48,0.022306933999061584,0
24.492,0.022306933999061584,0
24.504,0.022306933999061584,0
24.516,0.022306935861706734,0
24.528,4.9616379737854,0
24.54,4.961623191833496,0
24.552,4.961623191833496,0
24.564,4.961623191833496,0
24.576,4.961623191833496,0
24.588,4.961623191833496,0
24.6,4.961623191833496,0
24.612,4.961623191833496,0
24.624,4.961623191833496,0
24.636,4.961623191833496,0
24.648,4.961623191833496,0
24.66,4.961623191833496,0
24.672,4.961623191833496,0
24.684,4.961623191833496,0
24.696,4.961623191833496,0
24.708,4.961623191833496,0
24.72,4.961623191833496,0
24.732,4.961623191833496,0
24.744,4.961623191833496,0
24.756,4.961623191833496,0
24.768,4.961623191833496,0
24.78,4.961623191833496,0
24.792,4.961623191833496,0
24.804,4.961623191833496,0
24.816,4.961623191833496,0
24.828,4.961623191833496,0
24.84,4.961623191833496,0
24.852,4.961623191833496,0
24.864,4.961623191833496,0
24.876,4.961623191833496,0
24.888,4.961623191833496,0
24.9,4.961623191833496,0
24.912,4.961623191833496,0
24.924,4.961623191833496,0
24.936,4.961623191833496,0
24.948,4.961623191833496,0
24.96,4.961623191833496,0
24.972,4.961623191833496,0
24.984,4.961623191833496,0
24.996,4.961623191833496,0
25.008,4.961623191833496,0
25.02,4.961623191833496,0
25.032,4.961623191833496,0
25.044,4.961623191833496,0
25.056,4.961623191833496,0
25.068,4.961623191833496,0
25.08,4.961623191833496,0
25.092,4.961623191833496,0
25.104,4.961623191833496,0
25.116,4.961623191833496,0
25.128,4.961623191833496,0
25.14,4.961623191833496,0
25.152,4.961623191833496,0
25.164,4.961623191833496,0
25.176,4.961623191833496,0
25.188,4.961623191833496,0
25.2,4.961623191833496,0
25.212,4.961623191833496,0
25.224,4.961623191833496,0
25.236,4.961623191833496,0
25.248,4.961623191833496,0
25.26,4.961623191833496,0
25.272,4.961623191833496,0
25.284,4.961623191833496,0
25.296,4.961623191833496,0
25.308,4.961623191833496,0
25.32,4.961623191833496,0
25.332,4.961623191833496,0
25.344,4.961623191833496,0
25.356,4.961623191833496,0
25.368,4.961623191833496,0
25.38,4.961623191833496,0
25.392,4.961623191833496,0
25.404,4.961623191833496,0
25.416,4.961623191833496,0
25.428,4.961623191833496,0
25.44,4.961623191833496,0
25.452,4.961623191833496,0
25.464,4.961623191833496,0
25.476,4.961623191833496,0
25.488,4.961623191833496,0
25.5,4.961623191833496,0
25.512,0.022311480715870857,0
25.524,0.022306935861706734,0
25.536,0.022306933999061584,0
25.548,0.022306933999061584,0
25.56,0.022306933999061584,0
25.572,0.022306933999061584,0
25.584,0.022306933999061584,0
25.596,0.022306933999061584,0
25.608,0.022306933999061584,0
25.62,0.022306933999061584,0
25.632,0.022306933999061584,0
25.644,0.022306933999061584,0
25.656,0.022306933999061584,0
25.668,0.022306933999061584,0
25.68,0.022306933999061584,0
25.692,0.022306935861706734,0
25.704,4.961617946624756,0
25.716,4.961623191833496,0
25.728,4.961623191833496,0
25.74,4.961623191833496,0
25.752,4.961623191833496,0
25.764,4.961623191833496,0
25.776,4.961623191833496,0
25.788,4.961623191833496,0
25.8,4.961623191833496,0
25.812,4.961623191833496,0
25.824,4.961623191833496,0
25.836,4.961623191833496,0
25.848,4.961623191833496,0
25.86,4.961623191833496,0
25.872,4.961623191833496,0
25.884,4.961623191833496,0
25.896,4.961623191833496,0
25.908,4.961623191833496,0
25.92,4.961623191833496,0
25.932,4.961623191833496,0
25.944,4.961623191833496,0
25.956,4.961623191833496,0
25.968,4.961623191833496,0
25.98,4.961623191833496,0
25.992,4.961623191833496,0
26.004,4.961623191833496,0
26.016,4.961623191833496,0
26.028,4.961623191833496,0
26.04,4.961623191833496,0
26.052,4.961623191833496,0
26.064,4.961623191833496,0
26.076,4.961623191833496,0
26.088,4.961623191833496,0
26.1,4.961623191833496,0
26.112,4.961623191833496,0
26.124,4.961623191833496,0
26.136,4.961623191833496,0
26.148,4.961623191833496,0
26.16,4.961623191833496,0
26.172,4.961623191833496,0
26.184,4.961623191833496,0
26.196,4.961623191833496,0
26.208,4.961623191833496,0
26.22,4.961623191833496,0
26.232,4.961623191833496,0
26.244,4.961623191833496,0
26.256,4.961623191833496,0
26.268,4.961623191833496,0
26.28,4.961623191833496,0
26.292,4.961623191833496,0
26.304,4.961623191833496,0
26.316,4.961623191833496,0
26.328,4.961623191833496,0
26.34,4.961623191833496,0
26.352,4.961623191833496,0
26.364,4.961623191833496,0
26.376,4.961623191833496,0
26.388,4.961623191833496,0
26.4,4.961623191833496,0
26.412,4.961623191833496,0
26.424,4.961623191833496,0
26.436,4.961623191833496,0
26.448,4.961623191833496,0
26.46,4.961623191833496,0
26.472,4.961623191833496,0
26.484,4.961623191833496,0
26.496,4.961623191833496,0
26.508,4.961623191833496,0
26.52,4.961623191833496,0
26.532,4.961623191833496,0
26.544,4.961623191833496,0
26.556,4.961623191833496,0
26.568,4.961623191833496,0
26.58,4.961623191833496,0
26.592,4.961623191833496,0
26.604,4.961623191833496,0
26.616,4.961623191833496,0
26.628,4.961623191833496,0
26.64,4.961623191833496,0
26.652,4.961623191833496,0
26.664,4.961623191833496,0
26.676,4.961623191833496,0
26.688,4.961623191833496,0
26.7,4.961623239096108,0
26.712,0.02230537310242653,0
26.724,0.022306933999061584,0
26.736,0.022306933999061584,0
26.748,0.022306933999061584,0
26.76,0.022306933999061584,0
26.772,0.022306933999061584,0
26.784,0.022306933999061584,0
26.796,0.022306933999061584,0
26.808,0.022306933999061584,0
26.82,0.022306933999061584,0
26.832,0.022306933999061584,0
26.844,0.022306933999061584,0
26.856,0.022306933999061584,0
26.868,0.022306933999061584,0
26.88,0.022306933999061584,0
26.892,0.022306933999061584,0
26.904,0.022306933999061584,0
26.916,0.022306935861706734,0
26.928,4.961610794067383,0
26.94,4.961623191833496,0
26.952,4.961623191833496,0
26.964,4.961623191833496,0
26.976,4.961623191833496,0
26.988,4.961623191833496,0
27.0,4.961623191833496,0
27.012,4.961623191833496,0
27.024,4.961623191833496,0
27.036,4.961623191833496,0
27.048,4.961623191833496,0
27.06,4.961623191833496,0
27.072,4.961623191833496,0
27.084,4.961623191833496,0
27.096,4.961623191833496,0
27.108,4.961623191833496,0
27.12,4.961623191833496,0
27.132,4.961623191833496,0
27.144,4.961623191833496,0
27.156,4.961623191833496,0
27.168,4.961623191833496,0
27.18,4.961623191833496,0
27.192,4.961623191833496,0
27.204,4.961623191833496,0
27.216,4.961623191833496,0
27.228,4.961623191833496,0
27.24,4.961623191833496,0
27.252,4.961623191833496,0
27.264,4.961623191833496,0
27.276,4.961623191833496,0
27.288,4.961623191833496,0
27.3,4.961623191833496,0
27.312,4.961623191833496,0
27.324,4.961623191833496,0
27.336,4.961623191833496,0
27.348,4.961623191833496,0
27.36,4.961623191833496,0
27.372,4.961623191833496,0
27.384,4.961623191833496,0
27.396,4.961623191833496,0
27.408,4.961623191833496,0
27.42,4.961623191833496,0
27.432,4.961623191833496,0
27.444,4.961623191833496,0
27.456,4.961623191833496,0
27.468,4.961623191833496,0
27.48,4.961623191833496,0
27.492,4.961623191833496,0
27.504,4.961623191833496,0
27.516,4.961623191833496,0
27.528,4.961623191833496,0
27.54,4.961623191833496,0
27.552,4.961623191833496,0
27.564,4.961623191833496,0
27.576,4.961623191833496,0
27.588,4.961623191833496,0
27.6,4.961623191833496,0
27.612,4.961623191833496,0
27.624,4.961623191833496,0
27.636,4.961623191833496,0
27.648,4.961623191833496,0
27.66,4.961623191833496,0
27.672,4.961623191833496,0
27.684,4.961623191833496,0
27.696,4.961623191833496,0
27.708,4.961623191833496,0
27.72,4.961623191833496,0
27.732,4.961623191833496,0
27.744,4.961623191833496,0
27.756,4.961623191833496,0
27.768,4.961623191833496,0
27.78,4.961623191833496,0
27.792,4.961623191833496,0
27.804,4.961623191833496,0
27.816,4.961623191833496,0
27.828,4.961623191833496,0
27.84,4.961623191833496,0
27.852,4.961623191833496,0
27.864,4.961623191833496,0
27.876,4.961623191833496,0
27.888,4.961623191833496,0
27.9,4.961623191833496,0
27.912,4.961623191833496,0
27.924,4.961623191833496,0
27.936,0.02231285721063614,0
27.948,0.022306935861706734,0
27.96,0.022306933999061584,0
27.972,0.022306933999061584,0
27.984,0.022306933999061584,0
27.996,0.022306933999061584,0
28.008,0.022306933999061584,0
28.02,0.022306933999061584,0
28.032,0.022306933999061584,0
28.044,0.022306933999061584,0
28.056,0.022306933999061584,0
28.068,0.022306933999061584,0
28.08,0.022306933999061584,0
28.092,0.022306933999061584,0
28.104,0.022306933999061584,0
28.116,0.022306935861706734,0
28.128,4.961606025695801,0
28.14,4.961623191833496,0
28.152,4.961623191833496,0
28.164,4.961623191833496,0
28.176,4.961623191833496,0
28.188,4.961623191833496,0
28.2,4.961623191833496,0
28.212,4.961623191833496,0
28.224,4.961623191833496,0
28.236,4.961623191833496,0
28.248,4.961623191833496,0
28.26,4.961623191833496,0
28.272,4.961623191833496,0
28.284,4.961623191833496,0
28.296,4.961623191833496,0
28.308,4.961623191833496,0
28.32,4.961623191833496,0
28.332,4.961623191833496,0
28.344,4.961623191833496,0
28.356,4.961623191833496,0
28.368,4.961623191833496,0
28.38,4.961623191833496,0
28.392,4.961623191833496,0
28.404,4.961623191833496,0
28.416,4.961623191833496,0
28.428,4.961623191833496,0
28.44,4.961623191833496,0
28.452,4.961623191833496,0
28.464,4.961623191833496,0
28.476,4.961623191833496,0
28.488,4.961623191833496,0
28.5,4.961623191833496,0
28.512,4.961623191833496,0
28.524,4.961623191833496,0
28.536,4.961623191833496,0
28.548,4.961623191833496,0
28.56,4.961623191833496,0
28.572,4.961623191833496,0
28.584,4.961623191833496,0
28.596,4.961623191833496,0
28.608,4.961623191833496,0
28.62,4.961623191833496,0
28.632,4.961623191833496,0
28.644,4.961623191833496,0
28.656,4.961623191833496,0
28.668,4.961623191833496,0
28.68,4.961623191833496,0
28.692,4.961623191833496,0
28.704,4.961623191833496,0
28.716,4.961623191833496,0
28.728,4.961623191833496,0
28.74,4.961623191833496,0
28.752,4.961623191833496,0
28.764,4.961623191833496,0
28.776,4.961623191833496,0
28.788,4.961623191833496,0
28.8,4.961623191833496,0
28.812,4.961623191833496,0
28.824,4.961623191833496,0
28.836,4.961623191833496,0
28.848,4.961623191833496,0
28.86,4.961623191833496,0
28.872,4.961623191833496,0
28.884,4.961623191833496,0
28.896,4.961623191833496,0
28.908,4.961623191833496,0
28.92,4.961623191833496,0
28.932,4.961623191833496,0
28.944,4.961623191833496,0
28.956,4.961623191833496,0
28.968,4.961623191833496,0
28.98,4.961623191833496,0
28.992,4.961623191833496,0
29.004,4.961623191833496,0
29.016,4.961623191833496,0
29.028,4.961623191833496,0
29.04,4.961623191833496,0
29.052,4.961623191833496,0
29.064,4.961623191833496,0
29.076,4.961623191833496,0
29.088,4.961623191833496,0
29.1,4.961623191833496,0
29.112,4.961623191833496,0
29.124,4.961623191833496,0
29.136,0.02230812981724739,0
29.148,0.022306935861706734,0
29.16,0.022306933999061584,0
29.172,0.022306933999061584,0
29.184,0.022306933999061584,0
29.196,0.022306933999061584,0
29.208,0.022306933999061584,0
29.22,0.022306933999061584,0
29.232,0.022306933999061584,0
29.244,0.022306933999061584,0
29.256,0.022306933999061584,0
29.268,0.022306933999061584,0
29.28,0.022306933999061584,0
29.292,0.022306933999061584,0
29.304,0.022306933999061584,0
29.316,0.022306935861706734,0
29.328,4.961639404296875,0
29.34,4.961623668670654,0
29.352,4.961623191833496,0
29.364,4.961623191833496,0
29.376,4.961623191833496,0
29.388,4.961623191833496,0
29.4,4.961623191833496,0
29.412,4.961623191833496,0
29.424,4.961623191833496,0
29.436,4.961623191833496,0
29.448,4.961623191833496,0
29.46,4.961623191833496,0
29.472,4.961623191833496,0
29.484,4.961623191833496,0
29.496,4.961623191833496,0
29.508,4.961623191833496,0
29.52,4.961623191833496,0
29.532,4.961623191833496,0
29.544,4.961623191833496,0
29.556,4.961623191833496,0
29.568,4.961623191833496,0
29.58,4.961623191833496,0
29.592,4.961623191833496,0
29.604,4.961623191833496,0
29.616,4.961623191833496,0
29.628,4.961623191833496,0
29.64,4.961623191833496,0
29.652,4.961623191833496,0
29.664,4.961623191833496,0
29.676,4.961623191833496,0
29.688,4.961623191833496,0
29.7,4.961623191833496,0
29.712,4.961623191833496,0
29.724,4.961623191833496,0
29.736,4.961623191833496,0
29.748,4.961623191833496,0
29.76,4.961623191833496,0
29.772,4.961623191833496,0
29.784,4.961623191833496,0
29.796,4.961623191833496,0
29.808,4.961623191833496,0
29.82,4.961623191833496,0
29.832,4.961623191833496,0
29.844,4.961623191833496,0
29.856,4.961623191833496,0
29.868,4.961623191833496,0
29.88,4.961623191833496,0
29.892,4.961623191833496,0
29.904,4.961623191833496,0
29.916,4.961623191833496,0
29.928,4.961623191833496,0
29.94,4.961623191833496,0
29.952,4.961623191833496,0
29.964,4.961623191833496,0
29.976,4.961623191833496,0
29.988,4.961623191833496,0
