0	,	1.90328449381183
0.012	,	1.93987312499876
0.024	,	1.94741524187406
0.036	,	1.93432621223406
0.048	,	1.94891222507568
0.06	,	1.96455318542936
0.072	,	1.98517740541343
0.084	,	1.95659505770002
0.096	,	1.92724433594436
0.108	,	1.92336096428989
0.12	,	1.94823581182655
0.132	,	1.95779193398076
0.144	,	1.94029920267746
0.156	,	2.00121673843811
0.168	,	1.97380810429245
0.18	,	2.01362554538116
0.192	,	2.03560475844275
0.204	,	1.97814033585325
0.216	,	1.99680258635379
0.228	,	1.93567932508033
0.24	,	1.93388207918617
0.252	,	1.96327902628425
0.264	,	1.92591407630065
0.276	,	1.91877536614881
0.288	,	1.91082597227371
0.3	,	1.9561082481702
0.312	,	1.97581605216884
0.324	,	1.93593669282766
0.336	,	1.9818866592119
0.348	,	1.9321752592569
0.36	,	1.92221066094301
0.372	,	1.95086193888718
0.384	,	1.89012352282383
0.396	,	1.91785166977564
0.408	,	1.87294611111891
0.42	,	1.88346606361269
0.432	,	1.91889306796162
0.444	,	1.89997785653403
0.456	,	1.91528603104416
0.468	,	1.92863956538652
0.48	,	1.9661169303053
0.492	,	1.98261763198901
0.504	,	1.92750789681131
0.516	,	1.91323509463317
0.528	,	1.92046187566516
0.54	,	1.88219009693512
0.552	,	1.87826862326979
0.564	,	1.8672329906651
0.576	,	1.87814336333035
0.588	,	1.86848888162823
0.6	,	1.8830553384753
0.612	,	1.91892253433636
0.624	,	1.93645970869366
0.636	,	1.93827719327072
0.648	,	1.91722962831034
0.66	,	1.92968780922945
0.672	,	1.92704538725903
0.684	,	1.88323067195181
0.696	,	1.86922145933623
0.708	,	1.85182279111149
0.72	,	1.88537171023833
0.732	,	1.88977532978862
0.744	,	1.87588714250727
0.756	,	1.91398507556105
0.768	,	1.91288713169515
0.78	,	1.89963166833271
0.792	,	1.941673195262
0.804	,	1.90888900775496
0.816	,	1.89230505600065
0.828	,	1.89472052480274
0.84	,	1.87836452219941
0.852	,	1.8958884368691
0.864	,	1.84458900904388
0.876	,	1.86610085701011
0.888	,	1.84045677248688
0.9	,	1.85555489763418
0.912	,	1.91928238132584
0.924	,	1.87784864158508
0.936	,	1.9201252446773
0.948	,	1.86538912772189
0.96	,	1.87143568366409
0.972	,	1.88128584813871
0.984	,	1.84465936607858
0.996	,	1.81368281643946
1.008	,	1.81791567495479
1.02	,	1.7902235192751
1.032	,	1.81325365328598
1.044	,	1.84249230175732
1.056	,	1.83155471552662
1.068	,	1.85465686829366
1.08	,	1.84688456428776
1.092	,	1.90810750628681
1.104	,	1.88828141383126
1.116	,	1.85037846129963
1.128	,	1.86578606205209
1.14	,	1.85516199871379
1.152	,	1.89319268578892
1.164	,	1.87687208855243
1.176	,	1.86510174417702
1.188	,	1.87952001945791
1.2	,	1.90940987723368
1.212	,	1.93422084753023
1.224	,	1.95870151646618
1.236	,	1.99307628001688
1.248	,	1.94665366887786
1.26	,	1.9572433615159
1.272	,	2.00041752937947
1.284	,	1.97733007719828
1.296	,	1.98972682069038
1.308	,	1.94083685768091
1.32	,	1.94328747361475
1.332	,	1.97120116905775
1.344	,	1.99355616404426
1.356	,	2.0118099128253
1.368	,	1.98115064231871
1.38	,	1.99528641123899
1.392	,	2.03153251720212
1.404	,	2.00462467639581
1.416	,	2.00886426665554
1.428	,	1.93871048873428
1.44	,	1.95387610992976
1.452	,	1.93775432717971
1.464	,	1.95661154283641
1.476	,	1.92511119533641
1.488	,	1.93738890432103
1.5	,	1.98341291168688
1.512	,	1.99573968559362
1.524	,	1.99272702749395
1.536	,	1.98260127639285
1.548	,	1.93639201756468
1.56	,	1.97313277704442
1.572	,	1.94463719832012
1.584	,	1.9149173648393
1.596	,	1.91563366184921
1.608	,	1.90359170675875
1.62	,	1.9338161290301
1.632	,	1.94157165270297
1.644	,	1.93680589997728
1.656	,	1.97183170576499
1.668	,	1.95855531846393
1.68	,	1.96478653409841
1.692	,	1.99508340188405
1.704	,	1.95093224096057
1.716	,	1.94545074527027
1.728	,	1.92299467315848
1.74	,	1.90697235227921
1.752	,	1.91750511954566
1.764	,	1.87227492327981
1.776	,	1.9107888270945
1.788	,	1.91993749726871
1.8	,	1.92806196988849
1.812	,	1.95393594816303
1.824	,	1.93980588184715
1.836	,	1.97124046266369
1.848	,	1.94256994945874
1.86	,	1.92392738006619
1.872	,	1.94935849514704
1.884	,	1.87443774053431
1.896	,	1.87035016004005
1.908	,	1.87668603295109
1.92	,	1.90304980403009
1.932	,	1.90468089873532
1.944	,	1.89739046093322
1.956	,	1.92352926261441
1.968	,	1.92434381904977
1.98	,	1.9182861478345
1.992	,	1.94456155258908
2.004	,	1.89899311573796
2.016	,	1.8992381708288
2.028	,	1.88907491403975
2.04	,	1.90603505593572
2.052	,	1.87651019825562
2.064	,	1.87528102406623
2.076	,	1.87171999883655
2.088	,	1.88641850792243
2.1	,	1.89330277304289
2.112	,	1.9308914273668
2.124	,	1.90223835555469
2.136	,	1.89223581376825
2.148	,	1.87596953644926
2.16	,	1.85509309236326
2.172	,	1.89574343796143
2.184	,	1.81725293914043
2.196	,	1.85178582034886
2.208	,	1.80345130178525
2.22	,	1.82581084444154
2.232	,	1.84585208485404
2.244	,	1.81373324966893
2.256	,	1.88120094342048
2.268	,	1.88377566232021
2.28	,	1.85944675506816
2.292	,	1.88739641400858
2.304	,	1.85594030318459
2.316	,	1.8724759781417
2.328	,	1.851664739646
2.34	,	1.86795981344476
2.352	,	1.87525101359488
2.364	,	1.86965309034569
2.376	,	1.89484226533747
2.388	,	1.91190704976835
2.4	,	1.91519055701763
2.412	,	1.95049653938428
2.424	,	1.97396052847078
2.436	,	1.98493982851496
2.448	,	1.97406516614868
2.46	,	1.97928998155635
2.472	,	2.01099011912696
2.484	,	1.95441857471607
2.496	,	1.94672352158056
2.508	,	1.95649717832206
2.52	,	1.96107242996668
2.532	,	2.01277008364844
2.544	,	1.98698149569169
2.556	,	1.99828700796483
2.568	,	2.02838350587264
2.58	,	2.02751078389996
2.592	,	2.01424054066545
2.604	,	1.9842947542188
2.616	,	1.98487022523358
2.628	,	1.95924589331208
2.64	,	1.98950936163374
2.652	,	1.97786447797036
2.664	,	1.92748742862903
2.676	,	1.96021460857729
2.688	,	1.92133876139496
2.7	,	1.96175804566898
2.712	,	2.01286326459585
2.724	,	1.95567843235182
2.736	,	1.98512565807516
2.748	,	1.96597473608233
2.76	,	1.96625108523566
2.772	,	1.97611860587641
2.784	,	1.94998340551352
2.796	,	1.91346425416042
2.808	,	1.89533391960774
2.82	,	1.94797467234902
2.832	,	1.91800595364699
2.844	,	1.95683645623283
2.856	,	1.95416560144749
2.868	,	1.92993149063071
2.88	,	1.94579999276656
2.892	,	1.96977009719031
2.904	,	1.94926316678128
2.916	,	1.9821538580259
2.928	,	1.91218966607335
2.94	,	1.92832815019429
2.952	,	1.90044673436951
2.964	,	1.87426363896391
2.976	,	1.92812079208128
2.988	,	1.87999419061142
3	,	1.92729543556937
3.012	,	1.93666776028263
3.024	,	1.93860374579762
3.036	,	1.95469224415075
3.048	,	1.95487019941695
3.06	,	1.92161820292779
3.072	,	1.93633793507019
3.084	,	1.8692703728577
3.096	,	1.87839361489621
3.108	,	1.88214628281021
3.12	,	1.88227493867632
3.132	,	1.90416303512289
3.144	,	1.89419008609369
3.156	,	1.91665094797188
3.168	,	1.93713035102262
3.18	,	1.95604690391705
3.192	,	1.91476733626586
3.204	,	1.92143106828861
3.216	,	1.89768949670146
3.228	,	1.90419816640854
3.24	,	1.85874809871695
3.252	,	1.90082350245806
3.264	,	1.86353903832144
3.276	,	1.88150597884433
3.288	,	1.85124281401744
3.3	,	1.88780247381262
3.312	,	1.91513074985792
3.324	,	1.8844903075909
3.336	,	1.93184618948603
3.348	,	1.90210249502741
3.36	,	1.87424303376305
3.372	,	1.88484984411741
3.384	,	1.82067536608096
3.396	,	1.85008468047434
3.408	,	1.80539225738482
3.42	,	1.81089105822146
3.432	,	1.83017479855188
3.444	,	1.86138696186654
3.456	,	1.84797974824358
3.468	,	1.87878017870914
3.48	,	1.87507776135849
3.492	,	1.8900669340414
3.504	,	1.88623320209639
3.516	,	1.87049956547033
3.528	,	1.86657521944593
3.54	,	1.84286027017718
3.552	,	1.85176423748227
3.564	,	1.84414399633389
3.576	,	1.91324660432211
3.588	,	1.88393566671048
3.6	,	1.93937731954766
3.612	,	1.94214759397775
3.624	,	1.96149883517379
3.636	,	1.96099256022923
3.648	,	1.96235720078699
3.66	,	1.9628128082711
3.672	,	1.97179765650431
3.684	,	1.95209437476682
3.696	,	1.97614589146994
3.708	,	1.97877468790553
3.72	,	1.95834671658848
3.732	,	1.96305832232699
3.744	,	1.96171447151433
3.756	,	2.03494135835919
3.768	,	1.99285844452305
3.78	,	1.99565744971329
3.792	,	2.04544097361266
3.804	,	2.01360952558044
3.816	,	1.98343861030373
3.828	,	1.94861490938738
3.84	,	1.94581757423695
3.852	,	1.97468850880805
3.864	,	1.92437862937319
3.876	,	1.94217241510432
3.888	,	1.94393822347807
3.9	,	1.95573221493527
3.912	,	2.00699423245051
3.924	,	1.99452974096537
3.936	,	1.98381926672036
3.948	,	1.96625475471395
3.96	,	1.98364634515456
3.972	,	1.94793512419664
3.984	,	1.91408219252857
3.996	,	1.93776364663506
4.008	,	1.90257010944516
4.02	,	1.89828944768579
4.032	,	1.95736553583388
4.044	,	1.92692319124062
4.056	,	1.97801610990512
4.068	,	1.93262081161516
4.08	,	1.98142420177681
4.092	,	1.98684201038093
4.104	,	1.95290723557371
4.116	,	1.95381019302886
4.128	,	1.94289120066704
4.14	,	1.93985862713555
4.152	,	1.91043722746601
4.164	,	1.88980033766678
4.176	,	1.91624717420305
4.188	,	1.90071141965194
4.2	,	1.89754463405098
4.212	,	1.96010999057943
4.224	,	1.95190415684414
4.236	,	1.97056907233533
4.248	,	1.94365080992133
4.26	,	1.90492610645165
4.272	,	1.92754284446927
4.284	,	1.87117194321144
4.296	,	1.88162998808177
4.308	,	1.86792380079304
4.32	,	1.88477003449971
4.332	,	1.89832391510097
4.344	,	1.87620066471708
4.356	,	1.91547916987763
4.368	,	1.91486059387453
4.38	,	1.92842227222536
4.392	,	1.95230558299157
4.404	,	1.88520934137065
4.416	,	1.91514163606156
4.428	,	1.87693272004956
4.44	,	1.87241815549783
4.452	,	1.89619504815596
4.464	,	1.86627013036794
4.476	,	1.84722226757117
4.488	,	1.83857244801243
4.5	,	1.89275504659213
4.512	,	1.87345507867636
4.524	,	1.8822874324233
4.536	,	1.88810650339501
4.548	,	1.86839034972858
4.56	,	1.87456270661049
4.572	,	1.85772798569572
4.584	,	1.82909006001727
4.596	,	1.84537216975316
4.608	,	1.80874785288054
4.62	,	1.83401461952621
4.632	,	1.86285017787352
4.644	,	1.84205492184301
4.656	,	1.84175900306864
4.668	,	1.82646639974515
4.68	,	1.86342858251566
4.692	,	1.91336812689548
4.704	,	1.8505485588245
4.716	,	1.85135636756423
4.728	,	1.86665943279958
4.74	,	1.85333591642382
4.752	,	1.86923649633327
4.764	,	1.84882588823446
4.776	,	1.86078889235031
4.788	,	1.86456614445331
4.8	,	1.92688745254605
4.812	,	1.94248248140722
4.824	,	1.93795412650489
4.836	,	1.95158985660621
4.848	,	1.97204622891927
4.86	,	1.97013310046784
4.872	,	1.98743074418996
4.884	,	1.95958626687766
4.896	,	1.9400280141068
4.908	,	1.95525169458715
4.92	,	1.95890523223766
4.932	,	1.99077810701579
4.944	,	1.95205389539057
4.956	,	1.99083216761667
4.968	,	1.99565714849584
4.98	,	1.99448764135359
4.992	,	2.01828068767723
5.004	,	2.01649808482652
5.016	,	2.00573963497511
5.028	,	1.93730956563121
5.04	,	1.93665863626455
5.052	,	1.93323715694434
5.064	,	1.94833168438085
5.076	,	1.93492243861694
5.088	,	1.91534207834636
5.1	,	1.9361391728771
5.112	,	1.98382809276493
5.124	,	1.9803978155463
5.136	,	1.95921337392422
5.148	,	1.93728899850109
5.16	,	1.94476969144375
5.172	,	1.9653384447159
5.184	,	1.89729273297802
5.196	,	1.91568226873497
5.208	,	1.89212498753723
5.22	,	1.91975147392665
5.232	,	1.93300100969327
5.244	,	1.89452610168838
5.256	,	1.96974922769589
5.268	,	1.91469783872756
5.28	,	1.92987525779915
5.292	,	1.96632239340465
5.304	,	1.94164141759004
5.316	,	1.93373784792814
5.328	,	1.92075928998356
5.34	,	1.88030670306704
5.352	,	1.89747478414575
5.364	,	1.89873192227447
5.376	,	1.87462277587812
5.388	,	1.86818209764499
5.4	,	1.91439670485193
5.412	,	1.95526660207521
5.424	,	1.89428088178655
5.436	,	1.91198486948078
5.448	,	1.91439247285769
5.46	,	1.90730478594709
5.472	,	1.93400898764979
5.484	,	1.87766533170818
5.496	,	1.85145817592558
5.508	,	1.8414497953939
5.52	,	1.87738363882273
5.532	,	1.87405960677691
5.544	,	1.85336519005355
5.556	,	1.89229922993232
5.568	,	1.88532086125622
5.58	,	1.91536358947546
5.592	,	1.9013555111291
5.604	,	1.88262776006629
5.616	,	1.88419310999158
5.628	,	1.84292451015988
5.64	,	1.86643173591173
5.652	,	1.84913228647271
5.664	,	1.83057895877784
5.676	,	1.84178703666993
5.688	,	1.84272500331234
5.7	,	1.85772401919196
5.712	,	1.89420503069668
5.724	,	1.87708635699323
5.736	,	1.87792208595737
5.748	,	1.84489783427407
5.76	,	1.84351017444075
5.772	,	1.87400666606386
5.784	,	1.83703719181831
5.796	,	1.81316012849197
5.808	,	1.79506790815852
5.82	,	1.8192794268088
5.832	,	1.84397517114959
5.844	,	1.83574926757396
5.856	,	1.82125528906264
5.868	,	1.85842936966151
5.88	,	1.84108676199843
5.892	,	1.8523273855155
5.904	,	1.83537691752881
5.916	,	1.84665509541442
5.928	,	1.82937174393874
5.94	,	1.86323925905319
5.952	,	1.86231049215405
5.964	,	1.82365948826697
5.976	,	1.88272573063046
5.988	,	1.86959409797974
6	,	1.9099053634018
6.012	,	1.91532467942673
6.024	,	1.94333285690906
6.036	,	1.97947846815184
6.048	,	1.94778433931471
6.06	,	1.94661578421524
6.072	,	1.97664354086352
6.084	,	1.92204115479412
6.096	,	1.93290622461661
6.108	,	1.90159263635897
6.12	,	1.96003553708454
6.132	,	1.94108059173217
6.144	,	1.95425558871018
6.156	,	1.9631637088572
6.168	,	1.97731397833573
6.18	,	1.97626243616498
6.192	,	1.98011225742916
6.204	,	1.99185015144933
6.216	,	2.00118259498334
6.228	,	1.91922928017288
6.24	,	1.92564459212617
6.252	,	1.95759180034696
6.264	,	1.89604272321019
6.276	,	1.92846244092673
6.288	,	1.88934022676142
6.3	,	1.9314321353822
6.312	,	1.94730262699326
6.324	,	1.93319264027673
6.336	,	1.94537646919838
6.348	,	1.93728547045204
6.36	,	1.93411512929846
6.372	,	1.95639486165852
6.384	,	1.90993213940237
6.396	,	1.91927848482751
6.408	,	1.86901082520653
6.42	,	1.91435036321697
6.432	,	1.88253257826385
6.444	,	1.89326041635715
6.456	,	1.90867505818004
6.468	,	1.93930864092732
6.48	,	1.96189322324212
6.492	,	1.97355342221705
6.504	,	1.89990792749862
6.516	,	1.93120514357628
6.528	,	1.89365463996193
6.54	,	1.89211655844965
6.552	,	1.88951834210416
6.564	,	1.88111202689329
6.576	,	1.89252775506545
6.588	,	1.84581858677166
6.6	,	1.88249682503444
6.612	,	1.9351706253097
6.624	,	1.89032292562394
6.636	,	1.89571721699902
6.648	,	1.88775168212168
6.66	,	1.91685527394711
6.672	,	1.87295451039624
6.684	,	1.87819661154775
6.696	,	1.86790585463705
6.708	,	1.80989689172817
6.72	,	1.82665511773207
6.732	,	1.83878838590657
6.744	,	1.8765434621596
6.756	,	1.89063565444574
6.768	,	1.88473049369856
6.78	,	1.90444015948279
6.792	,	1.90257150684213
6.804	,	1.85792342559095
6.816	,	1.86894120558693
6.828	,	1.8290326947498
6.84	,	1.82802594474266
6.852	,	1.85501881554891
6.864	,	1.84272447232169
6.876	,	1.82140421570091
6.888	,	1.81308789163483
6.9	,	1.84032986251192
6.912	,	1.84294225567824
6.924	,	1.83914337311241
6.936	,	1.86550273762526
6.948	,	1.86282898017368
6.96	,	1.84568140594596
6.972	,	1.81487791720049
6.984	,	1.79972082695815
6.996	,	1.82920478693304
7.008	,	1.75683489815201
7.02	,	1.78030130479401
7.032	,	1.78094503878799
7.044	,	1.79537072227436
7.056	,	1.81225964163999
7.068	,	1.81695016748536
7.08	,	1.85106461882555
7.092	,	1.84963222668266
7.104	,	1.86375673966692
7.116	,	1.83448667916265
7.128	,	1.8318346632623
7.14	,	1.84002478896792
7.152	,	1.82196373716558
7.164	,	1.82303629077514
7.176	,	1.87671664255989
7.188	,	1.83193235099456
7.2	,	1.86327321667359
7.212	,	1.90914750139547
7.224	,	1.90979539590102
7.236	,	1.92694689448251
7.248	,	1.94458564703045
7.26	,	1.96704757309313
7.272	,	1.96212379779993
7.284	,	1.9206553812323
7.296	,	1.95044822368099
7.308	,	1.88958906755478
7.32	,	1.93762478872116
7.332	,	1.94527912122669
7.344	,	1.94970146046699
7.356	,	1.97673656906552
7.368	,	1.97266004610762
7.38	,	1.96644972117627
7.392	,	1.98404437601826
7.404	,	1.98451193712753
7.416	,	1.9565108324126
7.428	,	1.95263733754749
7.44	,	1.93937420038956
7.452	,	1.93431779315315
7.464	,	1.88120634284848
7.476	,	1.90471813433222
7.488	,	1.88452708439199
7.5	,	1.90273992515278
7.512	,	1.94377627424477
7.524	,	1.92539412461477
7.536	,	1.96871885174489
7.548	,	1.93971134460611
7.56	,	1.90287050801498
7.572	,	1.9031681090583
7.584	,	1.88660348909965
7.596	,	1.91653870593653
7.608	,	1.84148739014062
7.62	,	1.85748787238278
7.632	,	1.8893523146674
7.644	,	1.88988375431986
7.656	,	1.92460547641822
7.668	,	1.89837814547796
7.68	,	1.91522387578339
7.692	,	1.92421423905941
7.704	,	1.91262572269967
7.716	,	1.92211626464394
7.728	,	1.86861477404623
7.74	,	1.89142929558477
7.752	,	1.86571620653955
7.764	,	1.83427249744565
7.776	,	1.85758022413576
7.788	,	1.83292840708244
7.8	,	1.87457327803196
7.812	,	1.90793574380973
7.824	,	1.90381323173925
7.836	,	1.92157031796139
7.848	,	1.89927991058468
7.86	,	1.88960475632753
7.872	,	1.88969370808872
7.884	,	1.82144205359571
7.896	,	1.85097872523312
7.908	,	1.81098134590433
7.92	,	1.81203321223007
7.932	,	1.84330430536808
7.944	,	1.86211868746581
7.956	,	1.88102616279511
7.968	,	1.88304187889405
7.98	,	1.86468118550423
7.992	,	1.90461712842392
8.004	,	1.86506029130175
8.016	,	1.86265353025771
8.028	,	1.81176025965404
8.04	,	1.85264716797664
8.052	,	1.8428246732755
8.064	,	1.80108274881433
8.076	,	1.83266237813442
8.088	,	1.79159945834829
8.1	,	1.82459072997371
8.112	,	1.86580282592317
8.124	,	1.82463147216836
8.136	,	1.84143868404358
8.148	,	1.8362825023774
8.16	,	1.85596048075287
8.172	,	1.82018377681557
8.184	,	1.81233780517317
8.196	,	1.80678388253817
8.208	,	1.78649550164139
8.22	,	1.7912116939153
8.232	,	1.7937830211896
8.244	,	1.79193119440097
8.256	,	1.80977288002459
8.268	,	1.82382701605581
8.28	,	1.85798138809778
8.292	,	1.86016805185329
8.304	,	1.83291779715532
8.316	,	1.81942618996073
8.328	,	1.80684874539657
8.34	,	1.81823811974378
8.352	,	1.85057163902378
8.364	,	1.80513513601258
8.376	,	1.82322032921257
8.388	,	1.86271662576558
8.4	,	1.86960130324609
8.412	,	1.9085120637617
8.424	,	1.89957782477247
8.436	,	1.94949436926532
8.448	,	1.92001567513596
8.46	,	1.95392783698879
8.472	,	1.94439560256205
8.484	,	1.91087989415667
8.496	,	1.93435511630073
8.508	,	1.8829048540803
8.52	,	1.89886629021983
8.532	,	1.93696898741382
8.544	,	1.93803598435598
8.556	,	1.95765964636682
8.568	,	1.94135105617647
8.58	,	1.96991242850425
8.592	,	2.00440035116678
8.604	,	1.93498793087979
8.616	,	1.95568123052181
8.628	,	1.90191719573676
8.64	,	1.92961618730399
8.652	,	1.89174474985038
8.664	,	1.86935161208607
8.676	,	1.87987863103524
8.688	,	1.88362193686588
8.7	,	1.89034758572964
8.712	,	1.94406054873945
8.724	,	1.93131021287998
8.736	,	1.94743727809212
8.748	,	1.91946250499512
8.76	,	1.90087965154182
8.772	,	1.93633686583493
8.784	,	1.88630724111721
8.796	,	1.87984887462725
8.808	,	1.83585620167259
8.82	,	1.84919136753041
8.832	,	1.88787526799793
8.844	,	1.89044162081513
8.856	,	1.9079625086694
8.868	,	1.87706479638209
8.88	,	1.93307134646826
8.892	,	1.93401152468307
8.904	,	1.88699865269377
8.916	,	1.88200000748206
8.928	,	1.8926530677998
8.94	,	1.85468251441212
8.952	,	1.84960635400012
8.964	,	1.87034955866677
8.976	,	1.88472038346107
8.988	,	1.85072771985686
9	,	1.85550665053795
9.012	,	1.89464872340454
9.024	,	1.90235662662197
9.036	,	1.90482285243231
9.048	,	1.85789449563774
9.06	,	1.87157670198407
9.072	,	1.85161280271501
9.084	,	1.82016005106529
9.096	,	1.81829558969117
9.108	,	1.79412619239551
9.12	,	1.83478664406775
9.132	,	1.82265825196426
9.144	,	1.84006577882924
9.156	,	1.84703863324376
9.168	,	1.88075828251339
9.18	,	1.89014615220964
9.192	,	1.87316890581689
9.204	,	1.88862449171515
9.216	,	1.85091997026828
9.228	,	1.85934023336404
9.24	,	1.82334393547852
9.252	,	1.81331518998893
9.264	,	1.79369343952934
9.276	,	1.8263023617671
9.288	,	1.83798873323901
9.3	,	1.8082483565137
9.312	,	1.87464766083867
9.324	,	1.83198587403044
9.336	,	1.8763352998366
9.348	,	1.81605504421553
9.36	,	1.80926294801088
9.372	,	1.82740171750861
9.384	,	1.788647901566
9.396	,	1.77128957945882
9.408	,	1.77767860448822
9.42	,	1.77129617149716
9.432	,	1.79980300879599
9.444	,	1.79578486482041
9.456	,	1.78985474858711
9.468	,	1.80488918614643
9.48	,	1.84816007576729
9.492	,	1.83098563271793
9.504	,	1.84198888130322
9.516	,	1.85908342983978
9.528	,	1.83282081863941
9.54	,	1.81460861933836
9.552	,	1.8080467137046
9.564	,	1.80187090552558
9.576	,	1.84702704969539
9.588	,	1.86025828473959
9.6	,	1.85520247884638
9.612	,	1.8874703231106
9.624	,	1.88260841591673
9.636	,	1.915992720029
9.648	,	1.90063270975382
9.66	,	1.92660455493479
9.672	,	1.9452058253726
9.684	,	1.93648667907382
9.696	,	1.92634995578486
9.708	,	1.91742035370497
9.72	,	1.90933185504789
9.732	,	1.93703086987894
9.744	,	1.93477505216714
9.756	,	1.95164739073239
9.768	,	1.94618720759459
9.78	,	1.98326894274915
9.792	,	1.97880885904209
9.804	,	1.97422231344569
9.816	,	1.946417789672
9.828	,	1.93152847684664
9.84	,	1.9414396493813
9.852	,	1.89455758980426
9.864	,	1.91764182707626
9.876	,	1.91413914274466
9.888	,	1.87736611116781
9.9	,	1.93049088143806
9.912	,	1.92113778835765
9.924	,	1.94724278351915
9.936	,	1.9494460197767
9.948	,	1.90004115721767
9.96	,	1.92068410097392
9.972	,	1.90888525714304
9.984	,	1.89198357383367
9.996	,	1.89810548722665
10.008	,	1.85608647364995
10.02	,	1.86800050897313
10.032	,	1.90260993983733
10.044	,	1.90629273071393
10.056	,	1.91893274740166
10.068	,	1.87789999086399
10.08	,	1.89592517953972
10.092	,	1.95852849931506
10.104	,	1.919675680401
10.116	,	1.88672998671183
10.128	,	1.90087676075875
10.14	,	1.89937112803474
10.152	,	1.86903722298129
10.164	,	1.86300077726446
10.176	,	1.852436686036
10.188	,	1.87162737430592
10.2	,	1.85645789403935
10.212	,	1.91700001812263
10.224	,	1.90547368064037
10.236	,	1.89486597240111
10.248	,	1.90725706880972
10.26	,	1.87124402311746
10.272	,	1.8862625077663
10.284	,	1.86773468319707
10.296	,	1.85787296760268
10.308	,	1.851236870369
10.32	,	1.82432745216536
10.332	,	1.85951428870843
10.344	,	1.86184261611921
10.356	,	1.84734409964599
10.368	,	1.88450771286077
10.38	,	1.86528394093518
10.392	,	1.88784051050186
10.404	,	1.85472134049843
10.416	,	1.88835403841851
10.428	,	1.83391443227601
10.44	,	1.83545591683103
10.452	,	1.83625694879613
10.464	,	1.83756982490445
10.476	,	1.85273571952401
10.488	,	1.82678928025944
10.5	,	1.8611561804148
10.512	,	1.87867086508222
10.524	,	1.83337180435102
10.536	,	1.84546878501778
10.548	,	1.86010209759143
10.56	,	1.85906157808695
10.572	,	1.82971829458912
10.584	,	1.78637669666787
10.596	,	1.7789112941538
10.608	,	1.79041025856045
10.62	,	1.79845728823607
10.632	,	1.78992033574276
10.644	,	1.78027658153191
10.656	,	1.81530133089051
10.668	,	1.82707954110076
10.68	,	1.84337328949642
10.692	,	1.83885374114725
10.704	,	1.83713974488673
10.716	,	1.8215543560185
10.728	,	1.80560859280899
10.74	,	1.82152183638441
10.752	,	1.81284931906212
10.764	,	1.84648619056457
10.776	,	1.84402656531829
10.788	,	1.82701456846607
10.8	,	1.90874308100388
10.812	,	1.92885489007048
10.824	,	1.92759723882966
10.836	,	1.93769776718663
10.848	,	1.95253203777402
10.86	,	1.93503577032244
10.872	,	1.95182653546561
10.884	,	1.9188091234197
10.896	,	1.93497515912348
10.908	,	1.90977970880083
10.92	,	1.9400522899767
10.932	,	1.97195080372419
10.944	,	1.93700377273454
10.956	,	1.99654591906726
10.968	,	1.9425016496181
10.98	,	1.99788302878419
10.992	,	1.99600584926929
11.004	,	1.97332367126659
11.016	,	1.95827352826832
11.028	,	1.939274354412
11.04	,	1.92441085046488
11.052	,	1.93503753501215
11.064	,	1.90124589610708
11.076	,	1.90439597658774
11.088	,	1.89971310836747
11.1	,	1.91030126877543
11.112	,	1.92490765753619
11.124	,	1.93568605017457
11.136	,	1.93777918342392
11.148	,	1.91371777370377
11.16	,	1.95098601950839
11.172	,	1.9135741333361
11.184	,	1.88813781066828
11.196	,	1.92056795561859
11.208	,	1.86612276909838
11.22	,	1.89329492156376
11.232	,	1.89847357153343
11.244	,	1.91397599732405
11.256	,	1.90579045544273
11.268	,	1.93984048850569
11.28	,	1.91660945831398
11.292	,	1.9496524985829
11.304	,	1.92351461816032
11.316	,	1.92357919105348
11.328	,	1.91316092309188
11.34	,	1.87517445456372
11.352	,	1.8862945948043
11.364	,	1.85057643032614
11.376	,	1.88039482057691
11.388	,	1.86890879874588
11.4	,	1.90707790337408
11.412	,	1.89718035909573
11.424	,	1.91416073397101
11.436	,	1.9182526760462
11.448	,	1.90254688628332
11.46	,	1.8837574190697
11.472	,	1.88005239752227
11.484	,	1.85868923816088
11.496	,	1.83747576826137
11.508	,	1.82745052587976
11.52	,	1.83944837653994
11.532	,	1.89153131203069
11.544	,	1.86786849046916
11.556	,	1.86443738159285
11.568	,	1.86716202546362
11.58	,	1.87141243180968
11.592	,	1.9209386019839
11.604	,	1.89828345299802
11.616	,	1.88123037491031
11.628	,	1.84349050129658
11.64	,	1.83782495346801
11.652	,	1.87281582450036
11.664	,	1.85582471436445
11.676	,	1.84189429914081
11.688	,	1.81135690990522
11.7	,	1.84165120080974
11.712	,	1.89583444893516
11.724	,	1.84575971000576
11.736	,	1.87071110083817
11.748	,	1.83955088371875
11.76	,	1.83519682889582
11.772	,	1.84951778115737
11.784	,	1.79050096168341
11.796	,	1.83194279508062
11.808	,	1.79752601434969
11.82	,	1.81422997235798
11.832	,	1.82481826067374
11.844	,	1.79163862297874
11.856	,	1.83282231009161
11.868	,	1.81187574444827
11.88	,	1.85795900058439
11.892	,	1.89378381760463
11.904	,	1.85908641408014
11.916	,	1.83551442513644
11.928	,	1.83839687772201
11.94	,	1.85024693794985
11.952	,	1.85064772734558
11.964	,	1.83428540868484
11.976	,	1.84994465614713
11.988	,	1.88759891651888
12	,	1.91355368204227
12.012	,	1.93646206266527
12.024	,	1.94805109801002
12.036	,	1.93569161984948
12.048	,	1.95548815415294
12.06	,	1.98059224351089
12.072	,	1.9861049659993
12.084	,	1.94516551385422
12.096	,	1.92518905585237
12.108	,	1.9138283864874
12.12	,	1.92178447772777
12.132	,	1.97381725635471
12.144	,	1.94853955055137
12.156	,	1.97325683222059
12.168	,	1.97040336050007
12.18	,	1.98906472448162
12.192	,	2.03569883173757
12.204	,	2.00786099183931
12.216	,	1.97971978847313
12.228	,	1.95576211114646
12.24	,	1.96515971877548
12.252	,	1.93418321547698
12.264	,	1.90422126654124
12.276	,	1.91155815609897
12.288	,	1.92698739060074
12.3	,	1.93779675451003
12.312	,	1.94429906516624
12.324	,	1.97724625599558
12.336	,	1.98741729590092
12.348	,	1.95343513395997
12.36	,	1.93424916210076
12.372	,	1.94848759720461
12.384	,	1.90159760931251
12.396	,	1.93768545870692
12.408	,	1.89970268538083
12.42	,	1.88444171036073
12.432	,	1.89570628479953
12.444	,	1.92581393743976
12.456	,	1.95862913623153
12.468	,	1.95122923644454
12.48	,	1.93209566134365
12.492	,	1.96863792144589
12.504	,	1.91734662140862
12.516	,	1.93156799207404
12.528	,	1.89445461009703
12.54	,	1.89458950601864
12.552	,	1.89623973911228
12.564	,	1.88957126551301
12.576	,	1.90463475845094
12.588	,	1.87508996282982
12.6	,	1.90213947959442
12.612	,	1.90841420720728
12.624	,	1.93589860303404
12.636	,	1.95375144015098
12.648	,	1.93763409853933
12.66	,	1.89219398437848
12.672	,	1.92758205106728
12.684	,	1.86475573815137
12.696	,	1.85712305762008
12.708	,	1.8553449007695
12.72	,	1.86179685864871
12.732	,	1.89208473729544
12.744	,	1.87882654687009
12.756	,	1.90395301224634
12.768	,	1.87836396841887
12.78	,	1.92609270920076
12.792	,	1.94231279351448
12.804	,	1.87654791358841
12.816	,	1.90987671807243
12.828	,	1.87377151087284
12.84	,	1.85874241805986
12.852	,	1.8831238987689
12.864	,	1.82577668107324
12.876	,	1.87975580309252
12.888	,	1.85407291851224
12.9	,	1.86675301141791
12.912	,	1.86932138126698
12.924	,	1.87696603440364
12.936	,	1.89864668901714
12.948	,	1.87505281177062
12.96	,	1.88206176874742
12.972	,	1.86843802245328
12.984	,	1.81784975265928
12.996	,	1.8219565753583
13.008	,	1.81624877781183
13.02	,	1.81489630543046
13.032	,	1.82369957275927
13.044	,	1.80193411453694
13.056	,	1.84344399152528
13.068	,	1.84980617656243
13.08	,	1.8456726756605
13.092	,	1.90211692945102
13.104	,	1.84856833561122
13.116	,	1.89383874384846
13.128	,	1.83272401139701
13.14	,	1.84834287255687
13.152	,	1.88285763398523
13.164	,	1.87923046318103
13.176	,	1.88469609318572
13.188	,	1.89691196742166
13.2	,	1.93622569350811
13.212	,	1.94867802248112
13.224	,	1.96658386922562
13.236	,	1.95370939738159
13.248	,	1.96029088237168
13.26	,	1.97348687624178
13.272	,	1.9901353716343
13.284	,	1.97749508160179
13.296	,	1.95866685904108
13.308	,	1.93723109158593
13.32	,	1.9656756871844
13.332	,	1.98264679592482
13.344	,	1.95010594021584
13.356	,	1.9916751909391
13.368	,	1.97724998798157
13.38	,	2.00012271727834
13.392	,	2.03305188374444
13.404	,	1.98481306392849
13.416	,	2.00076464434989
13.428	,	1.98046491993014
13.44	,	1.96684320468762
13.452	,	1.98253796336105
13.464	,	1.93108957081241
13.476	,	1.92637272511118
13.488	,	1.91126402146821
13.5	,	1.94602846551628
13.512	,	1.96700829638519
13.524	,	1.95967369546102
13.536	,	1.96149628068598
13.548	,	1.96516184974518
13.56	,	1.95549094183902
13.572	,	1.9733150552032
13.584	,	1.92717701812885
13.596	,	1.9268680603918
13.608	,	1.90897510793105
13.62	,	1.92963137549773
13.632	,	1.9265919895387
13.644	,	1.92289106467664
13.656	,	1.95211466180906
13.668	,	1.95484993121589
13.68	,	1.98064385627359
13.692	,	1.97547050408455
13.704	,	1.96820227765352
13.716	,	1.93524632020244
13.728	,	1.93944919807624
13.74	,	1.89989171921657
13.752	,	1.93739991852019
13.764	,	1.90941731144222
13.776	,	1.89488362325103
13.788	,	1.90015032108501
13.8	,	1.93321667773466
13.812	,	1.92222842914834
13.824	,	1.9384733651775
13.836	,	1.96781151208916
13.848	,	1.93864399442832
13.86	,	1.915316742018
13.872	,	1.91768261770362
13.884	,	1.91384763378255
13.896	,	1.88456624710329
13.908	,	1.86641735713559
13.92	,	1.8645857451047
13.932	,	1.88477764895033
13.944	,	1.86578833910603
13.956	,	1.90048867086115
13.968	,	1.89745343140314
13.98	,	1.91435126035796
13.992	,	1.92893782393364
14.004	,	1.91738964113532
14.016	,	1.89577398487079
14.028	,	1.89376100556701
14.04	,	1.85863830197603
14.052	,	1.8883775482274
14.064	,	1.86849899657958
14.076	,	1.86848686687402
14.088	,	1.85459373469855
14.1	,	1.88986337787426
14.112	,	1.91924737213186
14.124	,	1.87148134789155
14.136	,	1.89177637468206
14.148	,	1.85947201895946
14.16	,	1.89460232595473
14.172	,	1.87374654018236
14.184	,	1.85996168840289
14.196	,	1.84442580194403
14.208	,	1.82329933603495
14.22	,	1.80398518176115
14.232	,	1.85275009205867
14.244	,	1.82301134853598
14.256	,	1.8495209625223
14.268	,	1.88109630043203
14.28	,	1.89539256369965
14.292	,	1.87373544920952
14.304	,	1.87023907952023
14.316	,	1.8722511511879
14.328	,	1.86833959527623
14.34	,	1.86894600785971
14.352	,	1.87532557263604
14.364	,	1.87700749128128
14.376	,	1.86709692073102
14.388	,	1.89970353353861
14.4	,	1.93611221884617
14.412	,	1.98102312541078
14.424	,	1.95506298296034
14.436	,	1.97667595488874
14.448	,	1.95136173401348
14.46	,	1.9906746910151
14.472	,	1.98213068503015
14.484	,	1.9784889067372
14.496	,	1.96621409058593
14.508	,	1.95693938159362
14.52	,	1.96098352639426
14.532	,	1.97626515878321
14.544	,	1.98123745439842
14.556	,	2.00304096225591
14.568	,	1.98111760726889
14.58	,	2.0170709887395
14.592	,	2.01808704208603
14.604	,	2.00278567446756
14.616	,	1.99778381060476
14.628	,	1.95471318453966
14.64	,	1.98678057192877
14.652	,	1.97108946313429
14.664	,	1.96809224631676
14.676	,	1.97376198783816
14.688	,	1.95856532774163
14.7	,	1.98639909785338
14.712	,	1.98690446042265
14.724	,	1.98219852249391
14.736	,	1.97259082097942
14.748	,	1.96827363076146
14.76	,	1.98306085330768
14.772	,	1.99007704043857
14.784	,	1.91891462130846
14.796	,	1.94720070330594
14.808	,	1.93330543199823
14.82	,	1.91458976928414
14.832	,	1.95549213787694
14.844	,	1.94213970276602
14.856	,	1.9443981080315
14.868	,	1.97555734402005
14.88	,	1.96627380167293
14.892	,	1.99997667174474
14.904	,	1.97393552018434
14.916	,	1.98307805138785
14.928	,	1.91058446022237
14.94	,	1.90633237439013
14.952	,	1.93266151997626
14.964	,	1.89952204890577
14.976	,	1.89631506679224
14.988	,	1.92708637137473
15	,	1.92709472524936
15.012	,	1.93096280129838
15.024	,	1.95297729989232
15.036	,	1.94819323130831
15.048	,	1.91779531570416
15.06	,	1.928071079932
15.072	,	1.91685443867342
15.084	,	1.89047246741044
15.096	,	1.90476007069375
15.108	,	1.89268155903669
15.12	,	1.86156286049988
15.132	,	1.89173826292431
15.144	,	1.91085368269026
15.156	,	1.90025925383239
15.168	,	1.93166783181077
15.18	,	1.92959958338294
15.192	,	1.91603860799362
15.204	,	1.89288213988254
15.216	,	1.89997371816303
15.228	,	1.88732825273532
15.24	,	1.8667121480259
15.252	,	1.89964550400493
15.264	,	1.84247669307772
15.276	,	1.87315830224412
15.288	,	1.84541796356225
15.3	,	1.86739097396227
15.312	,	1.91828986799722
15.324	,	1.90806685261995
15.336	,	1.90291803976774
15.348	,	1.8813508267333
15.36	,	1.89777698522345
15.372	,	1.8948563090015
15.384	,	1.84467226739194
15.396	,	1.86504900146553
15.408	,	1.8320368672172
15.42	,	1.81141490952021
15.432	,	1.84997839534634
15.444	,	1.83648066860333
15.456	,	1.88092320264122
15.468	,	1.88478732120552
15.48	,	1.89647877864135
15.492	,	1.91941068675413
15.504	,	1.8535698333101
15.516	,	1.87433510180317
15.528	,	1.8766002152096
15.54	,	1.88489893018101
15.552	,	1.86255381608642
15.564	,	1.86483647027603
15.576	,	1.88374242459009
15.588	,	1.90464639962113
15.6	,	1.94679587583027
15.612	,	1.95392683645037
15.624	,	1.93595706763959
15.636	,	1.97582007581095
15.648	,	1.97554061881937
15.66	,	1.99312380449908
15.672	,	1.98321971785463
15.684	,	1.95424705051863
15.696	,	1.96624317870497
15.708	,	1.93750929219997
15.72	,	1.96088874326031
15.732	,	1.99422749912891
15.744	,	1.96283523472767
15.756	,	2.02500644817528
15.768	,	1.97932651195239
15.78	,	2.01349024172602
15.792	,	2.05071712253598
15.804	,	2.00429600140315
15.816	,	1.98448176132461
15.828	,	1.96774578586756
15.84	,	1.95333490561316
15.852	,	1.9465312004841
15.864	,	1.93325867740704
15.876	,	1.95380661097116
15.888	,	1.94349052671272
15.9	,	1.98909667576581
15.912	,	1.96691850137506
15.924	,	1.99493426665668
15.936	,	1.98902969526944
15.948	,	1.96836914142134
15.96	,	1.96572543923305
15.972	,	1.98784717927859
15.984	,	1.91124572829124
15.996	,	1.94391641218622
16.008	,	1.91153642119402
16.02	,	1.90212147870575
16.032	,	1.95754704959917
16.044	,	1.9211296547104
16.056	,	1.94905936595079
16.068	,	1.94241749944299
16.08	,	1.94488670658775
16.092	,	1.97898640419326
16.104	,	1.96197870208023
16.116	,	1.96955799949023
16.128	,	1.94421356460496
16.14	,	1.90133351594366
16.152	,	1.90234062468546
16.164	,	1.91320195648447
16.176	,	1.89693752838643
16.188	,	1.89315334826734
16.2	,	1.93322464792787
16.212	,	1.94119965133958
16.224	,	1.93430046005728
16.236	,	1.96396609176595
16.248	,	1.94161414070605
16.26	,	1.93300551070272
16.272	,	1.89993977577895
16.284	,	1.87936141585951
16.296	,	1.9169545033045
16.308	,	1.87264343274886
16.32	,	1.85816569866408
16.332	,	1.91275118908521
16.344	,	1.89141445698012
16.356	,	1.9253389872796
16.368	,	1.9093672367056
16.38	,	1.92727289566143
16.392	,	1.92919866175377
16.404	,	1.90689422252754
16.416	,	1.9169581647035
16.428	,	1.87357429946586
16.44	,	1.88098480591601
16.452	,	1.86184271115325
16.464	,	1.82893132511805
16.476	,	1.84776121552024
16.488	,	1.83253105712032
16.5	,	1.87338302661017
16.512	,	1.89710907600667
16.524	,	1.87064758936771
16.536	,	1.90997642825927
16.548	,	1.89326431174301
16.56	,	1.85844952458972
16.572	,	1.87819602102487
16.584	,	1.8347699738619
16.596	,	1.85148245081008
16.608	,	1.8052258887793
16.62	,	1.84327541900794
16.632	,	1.85219359443045
16.644	,	1.81979320897875
16.656	,	1.85614647989673
16.668	,	1.85878649488596
16.68	,	1.89494030586155
16.692	,	1.86283982515959
16.704	,	1.88959897547099
16.716	,	1.90344707617084
16.728	,	1.87550153620573
16.74	,	1.8694037361006
16.752	,	1.85845151928287
16.764	,	1.83438943567118
16.776	,	1.87349698079952
16.788	,	1.90127598212668
16.8	,	1.91722110029931
16.812	,	1.95771883923223
16.824	,	1.93892643058412
16.836	,	1.98081373383337
16.848	,	1.95194117740414
16.86	,	1.97791554704849
16.872	,	1.96280297654601
16.884	,	1.95240686104229
16.896	,	1.97558850161862
16.908	,	1.93485361041109
16.92	,	1.95209267053184
16.932	,	1.958769671455
16.944	,	1.94933407719294
16.956	,	2.01931997143416
16.968	,	2.00149952382131
16.98	,	2.01211568909787
16.992	,	2.00769530613564
17.004	,	2.01872775002114
17.016	,	1.97081758918756
17.028	,	1.93550452437344
17.04	,	1.94931350211863
17.052	,	1.96914165813022
17.064	,	1.9195947438604
17.076	,	1.93810946655132
17.088	,	1.92202188675833
17.1	,	1.95199086648572
17.112	,	1.95035563108528
17.124	,	1.94170170488186
17.136	,	1.9911116894666
17.148	,	1.96389182811731
17.16	,	1.93276717909378
17.172	,	1.97244234122293
17.184	,	1.89456983302609
17.196	,	1.90670523409986
17.208	,	1.91947183717341
17.22	,	1.90782471739045
17.232	,	1.91813793034344
17.244	,	1.93855243564775
17.256	,	1.94056139688211
17.268	,	1.94561759265662
17.28	,	1.93795048877951
17.292	,	1.97975500675916
17.304	,	1.95037490114449
17.316	,	1.95557539382594
17.328	,	1.91149073814726
17.34	,	1.87917401766012
17.352	,	1.88936246528635
17.364	,	1.88913466342373
17.376	,	1.9062268539332
17.388	,	1.88881523947034
17.4	,	1.89198424672918
17.412	,	1.95256183899785
17.424	,	1.90040933356844
17.436	,	1.94223407568548
17.448	,	1.90551016459857
17.46	,	1.93205207543605
17.472	,	1.90864717339615
17.484	,	1.88001537494986
17.496	,	1.90185806588787
17.508	,	1.8390079858085
17.52	,	1.87841148845524
17.532	,	1.90525714879166
17.544	,	1.87818293747619
17.556	,	1.87761148044289
17.568	,	1.88700134113945
17.58	,	1.9073249753293
17.592	,	1.92930563921174
17.604	,	1.87992644669687
17.616	,	1.90940612890095
17.628	,	1.84195144817291
17.64	,	1.85464966716341
17.652	,	1.85990827269769
17.664	,	1.86583899027319
17.676	,	1.8338882069776
17.688	,	1.84913000574265
17.7	,	1.84914646424755
17.712	,	1.86001967799598
17.724	,	1.87195600131693
17.736	,	1.87836669983357
17.748	,	1.84862228764858
17.76	,	1.86155911932673
17.772	,	1.86542399385118
17.784	,	1.80822681570329
17.796	,	1.84070738429054
17.808	,	1.79618322283257
17.82	,	1.81163889604931
17.832	,	1.81942094561037
17.844	,	1.80044484870752
17.856	,	1.86190440260188
17.868	,	1.82122364925451
17.88	,	1.86147188963466
17.892	,	1.87623117929714
17.904	,	1.87936835023562
17.916	,	1.85610096499452
17.928	,	1.84481218456261
17.94	,	1.84018819209716
17.952	,	1.84882996339408
17.964	,	1.85580420276872
17.976	,	1.88823029994436
17.988	,	1.87273950571588
18	,	1.89467144727551
18.012	,	1.95083457530822
18.024	,	1.93670043912872
18.036	,	1.93423260585252
18.048	,	1.95906428382972
18.06	,	1.97590050225545
18.072	,	1.9367007737123
18.084	,	1.96061038662435
18.096	,	1.92272789590915
18.108	,	1.93625948499957
18.12	,	1.94617669592176
18.132	,	1.94063918754658
18.144	,	1.95759197015654
18.156	,	1.98354951016688
18.168	,	1.96592809542218
18.18	,	1.9747695549776
18.192	,	2.02412269199052
18.204	,	1.98727634937316
18.216	,	1.99124060260865
18.228	,	1.94543770779877
18.24	,	1.92605014304402
18.252	,	1.92785647636637
18.264	,	1.91451176973826
18.276	,	1.93604077014966
18.288	,	1.91363422614593
18.3	,	1.93278767475127
18.312	,	1.97298452170418
18.324	,	1.93056213252456
18.336	,	1.96174337994245
18.348	,	1.94871545206723
18.36	,	1.9352949468226
18.372	,	1.90913775090635
18.384	,	1.92090225548346
18.396	,	1.88617737049487
18.408	,	1.85827972282395
18.42	,	1.90755655536903
18.432	,	1.90083141151248
18.444	,	1.90574039554301
18.456	,	1.94650394008339
18.468	,	1.9340799300908
18.48	,	1.92710127576831
18.492	,	1.94443544034672
18.504	,	1.92293836844286
18.516	,	1.91058324839041
18.528	,	1.89983339957529
18.54	,	1.89862604876646
18.552	,	1.90253880687674
18.564	,	1.85798121131402
18.576	,	1.89551120159561
18.588	,	1.86071554933357
18.6	,	1.89864030079828
18.612	,	1.93423222906553
18.624	,	1.90835372031
18.636	,	1.90971542180213
18.648	,	1.90432624319907
18.66	,	1.89899136595751
18.672	,	1.88645643116551
18.684	,	1.87703044716829
18.696	,	1.87274671378448
18.708	,	1.82735680813061
18.72	,	1.86457132862735
18.732	,	1.86179602598808
18.744	,	1.86235579296427
18.756	,	1.88828162373278
18.768	,	1.88743541511881
18.78	,	1.87963981556824
18.792	,	1.92011658745116
18.804	,	1.85474666373367
18.816	,	1.90108490325096
18.828	,	1.85573264084101
18.84	,	1.86517570126232
18.852	,	1.83222235896715
18.864	,	1.82685873176116
18.876	,	1.86500480415185
18.888	,	1.84695619254365
18.9	,	1.84134591659651
18.912	,	1.89038444010037
18.924	,	1.87367483300579
18.936	,	1.87002399017517
18.948	,	1.83633353933564
18.96	,	1.86257912237571
18.972	,	1.83252920778308
18.984	,	1.82037494616336
18.996	,	1.80193776796492
19.008	,	1.78005483849988
19.02	,	1.78606524382148
19.032	,	1.81578257120629
19.044	,	1.79970931184906
19.056	,	1.84087167916081
19.068	,	1.80910808826353
19.08	,	1.85585695871292
19.092	,	1.85514272998734
19.104	,	1.85231013188609
19.116	,	1.87248410118383
19.128	,	1.82202258535844
19.14	,	1.80294394435777
19.152	,	1.82532809844571
19.164	,	1.84116881735557
19.176	,	1.85218091316989
19.188	,	1.83779658175559
19.2	,	1.89719566961513
19.212	,	1.94133113885577
19.224	,	1.94258579829469
19.236	,	1.92542584154167
19.248	,	1.94831580606736
19.26	,	1.92963920397821
19.272	,	1.92951838528513
19.284	,	1.92175314348241
19.296	,	1.9089684655301
19.308	,	1.90746587621668
19.32	,	1.93518890134556
19.332	,	1.97339736266715
19.344	,	1.96838346659512
19.356	,	1.95460087138678
19.368	,	1.95736800417053
19.38	,	1.99437558529976
19.392	,	1.97503234414668
19.404	,	1.96223320453302
19.416	,	1.96760458166398
19.428	,	1.93317557204535
19.44	,	1.93024835960198
19.452	,	1.94429288121938
19.464	,	1.89750318554264
19.476	,	1.90308891135828
19.488	,	1.90951890031864
19.5	,	1.93408522643565
19.512	,	1.96685476681947
19.524	,	1.93617901071567
19.536	,	1.9368800842592
19.548	,	1.94494411678503
19.56	,	1.91490952983263
19.572	,	1.90835906059139
19.584	,	1.86857335556187
19.596	,	1.88397474665805
19.608	,	1.8755309799576
19.62	,	1.88459548965954
19.632	,	1.88728232735886
19.644	,	1.87691295225348
19.656	,	1.92788005439509
19.668	,	1.91306638553955
19.68	,	1.94873172867894
19.692	,	1.94324903188114
19.704	,	1.92982987778332
19.716	,	1.91756106822455
19.728	,	1.88894684904141
19.74	,	1.85841383750147
19.752	,	1.90146990965955
19.764	,	1.84358462048199
19.776	,	1.88758011843215
19.788	,	1.86672645722262
19.8	,	1.87954703549656
19.812	,	1.92092890941301
19.824	,	1.88018005732421
19.836	,	1.91505455732942
19.848	,	1.85890841959822
19.86	,	1.89480387713457
19.872	,	1.90019883758675
19.884	,	1.82955874774321
19.896	,	1.87145813929053
19.908	,	1.80579186208467
19.92	,	1.81012182270417
19.932	,	1.83428761916713
19.944	,	1.83750179218629
19.956	,	1.85003017602813
19.968	,	1.85626458674449
19.98	,	1.87722735004143
19.992	,	1.9161469715244
20.004	,	1.874899417313
20.016	,	1.86167690637643
20.028	,	1.85554392766335
20.04	,	1.81258278619439
20.052	,	1.84909050236337
20.064	,	1.80511525038496
20.076	,	1.83621966532461
20.088	,	1.79701647103197
20.1	,	1.84715427869403
20.112	,	1.87135623618688
20.124	,	1.84128586807181
20.136	,	1.84871314368167
20.148	,	1.8405581253631
20.16	,	1.82184604159209
20.172	,	1.83155046010213
20.184	,	1.79153026002639
20.196	,	1.7705690520187
20.208	,	1.79138872942041
20.22	,	1.80002643984262
20.232	,	1.79885340344696
20.244	,	1.78796426564346
20.256	,	1.83595591565992
20.268	,	1.78860509661953
20.28	,	1.84032371413054
20.292	,	1.86796786213395
20.304	,	1.81856378931371
20.316	,	1.82926440143089
20.328	,	1.79192865908275
20.34	,	1.82902908939239
20.352	,	1.81008972514099
20.364	,	1.83763524186863
20.376	,	1.86745017516793
20.388	,	1.84524411409143
20.4	,	1.87807233248166
20.412	,	1.89070320430992
20.424	,	1.89323795018928
20.436	,	1.91150780572763
20.448	,	1.92733560115744
20.46	,	1.9233277390418
20.472	,	1.92893890659475
20.484	,	1.91648455875975
20.496	,	1.94502581285679
20.508	,	1.91039725464464
20.52	,	1.92132828575193
20.532	,	1.96031485567469
20.544	,	1.9077969549714
20.556	,	1.97994778230316
20.568	,	1.94344184703583
20.58	,	1.99664820222822
20.592	,	1.95773660375004
20.604	,	1.94174811486097
20.616	,	1.98173763484586
20.628	,	1.91131700373242
20.64	,	1.89118116359681
20.652	,	1.89074963695683
20.664	,	1.90735416674332
20.676	,	1.89232840622913
20.688	,	1.90540302318351
20.7	,	1.89035767353608
20.712	,	1.93026562420969
20.724	,	1.93262925858183
20.736	,	1.9624663199893
20.748	,	1.9228851033287
20.76	,	1.91595156346861
20.772	,	1.91298317357112
20.784	,	1.89978384797293
20.796	,	1.87154033048365
20.808	,	1.87173427987613
20.82	,	1.85342369000068
20.832	,	1.8880483013017
20.844	,	1.9001566491326
20.856	,	1.90047750218401
20.868	,	1.90095685195722
20.88	,	1.92547596066537
20.892	,	1.92897764786636
20.904	,	1.91396465504292
20.916	,	1.89287027179025
20.928	,	1.8801784547964
20.94	,	1.88998127130691
20.952	,	1.88563184131618
20.964	,	1.84539173503876
20.976	,	1.88833577839169
20.988	,	1.85786542643063
21	,	1.89019326193185
21.012	,	1.90724903929149
21.024	,	1.88550288401892
21.036	,	1.88118701096838
21.048	,	1.86114944933499
21.06	,	1.89211177219374
21.072	,	1.8954040633583
21.084	,	1.82447306652469
21.096	,	1.83403060640105
21.108	,	1.8426014611714
21.12	,	1.85094144489626
21.132	,	1.83261196124342
21.144	,	1.82247553356052
21.156	,	1.84761742278211
21.168	,	1.86172980096695
21.18	,	1.85741658084477
21.192	,	1.89277984665295
21.204	,	1.8703589952826
21.216	,	1.84712823291372
21.228	,	1.85012649200086
21.24	,	1.80795483701073
21.252	,	1.81616732160352
21.264	,	1.83435765473469
21.276	,	1.81466262135717
21.288	,	1.78908975434345
21.3	,	1.85799046409279
21.312	,	1.84074121356952
21.324	,	1.84905654585524
21.336	,	1.83268182683842
21.348	,	1.81050885019464
21.36	,	1.83012372489025
21.372	,	1.83301555182265
21.384	,	1.78051609737446
21.396	,	1.79466573621909
21.408	,	1.76148506714896
21.42	,	1.76424044091642
21.432	,	1.81024380030369
21.444	,	1.80729848170877
21.456	,	1.80580486077762
21.468	,	1.81211464300493
21.48	,	1.83812148402257
21.492	,	1.85941461456467
21.504	,	1.80199333889204
21.516	,	1.83029466177889
21.528	,	1.80253212461564
21.54	,	1.83927674148522
21.552	,	1.8457224178132
21.564	,	1.82313103343978
21.576	,	1.84827010848394
21.588	,	1.86512151879089
21.6	,	1.88501107189779
21.612	,	1.93235307276688
21.624	,	1.88479172784384
21.636	,	1.91992491091072
21.648	,	1.89711330747591
21.66	,	1.91778037472208
21.672	,	1.93557602324387
21.684	,	1.91826410554811
21.696	,	1.92832441134524
21.708	,	1.92796439514269
21.72	,	1.93371441913364
21.732	,	1.96622096435672
21.744	,	1.93893722814637
21.756	,	1.95919868641122
21.768	,	1.96212457322939
21.78	,	1.99391847162691
21.792	,	1.97792831622081
21.804	,	1.95741402810834
21.816	,	1.97664787898619
21.828	,	1.93545417664506
21.84	,	1.91842859295331
21.852	,	1.92863583900383
21.864	,	1.91801897468703
21.876	,	1.90840200657293
21.888	,	1.88834423473922
21.9	,	1.90276906989061
21.912	,	1.92452685252778
21.924	,	1.9147260300147
21.936	,	1.94878617187802
21.948	,	1.89197476235046
21.96	,	1.89948490818165
21.972	,	1.8997542605251
21.984	,	1.86020104665566
21.996	,	1.88115052638014
22.008	,	1.85732109092359
22.02	,	1.86618353398743
22.032	,	1.90778657927731
22.044	,	1.86082330455592
22.056	,	1.90830933628629
22.068	,	1.90661203666433
22.08	,	1.89763520630283
22.092	,	1.9332992452515
22.104	,	1.90998209109614
22.116	,	1.92107565711003
22.128	,	1.89663194243769
22.14	,	1.89360733452631
22.152	,	1.89270781441745
22.164	,	1.87254154305282
22.176	,	1.86608363652755
22.188	,	1.86598162533989
22.2	,	1.87568392218944
22.212	,	1.89223813846319
22.224	,	1.91133060046515
22.236	,	1.90036922636905
22.248	,	1.90343348678052
22.26	,	1.88863134546339
22.272	,	1.88493672209527
22.284	,	1.83664616672903
22.296	,	1.86278574339369
22.308	,	1.82433026731835
22.32	,	1.85467443375179
22.332	,	1.83390112149828
22.344	,	1.86993219618236
22.356	,	1.86163771103197
22.368	,	1.84963607937829
22.38	,	1.88510983213847
22.392	,	1.8934403736273
22.404	,	1.8866761602952
22.416	,	1.8766031177484
22.428	,	1.83565054196709
22.44	,	1.85270699755719
22.452	,	1.85069654353636
22.464	,	1.81664602553573
22.476	,	1.81541560212021
22.488	,	1.8369796829512
22.5	,	1.81792453628344
22.512	,	1.85798648921522
22.524	,	1.86206549136944
22.536	,	1.83897879770221
22.548	,	1.8325856902447
22.56	,	1.84707961210306
22.572	,	1.81397627641503
22.584	,	1.80944772234171
22.596	,	1.82347036122831
22.608	,	1.78968474632439
22.62	,	1.79979742051699
22.632	,	1.81620707328645
22.644	,	1.79438783650691
22.656	,	1.82677850606787
22.668	,	1.83667312269809
22.68	,	1.86342957534611
22.692	,	1.85279208435734
22.704	,	1.85543043096263
22.716	,	1.83892863210664
22.728	,	1.84059279343137
22.74	,	1.83977401939565
22.752	,	1.82240940636971
22.764	,	1.80616291416378
22.776	,	1.85845388160986
22.788	,	1.86122605783669
22.8	,	1.88927001725997
22.812	,	1.94004205268101
22.824	,	1.94156607949107
22.836	,	1.94800983512016
22.848	,	1.9383077004159
22.86	,	1.92314852810151
22.872	,	1.94123104809449
22.884	,	1.91026818013137
22.896	,	1.9304126432101
22.908	,	1.91165296247162
22.92	,	1.92055154764685
22.932	,	1.95396926917808
22.944	,	1.93172440450003
22.956	,	1.94799498939338
22.968	,	1.9757145184277
22.98	,	1.9709447457456
22.992	,	1.97413333035253
23.004	,	1.97080287053191
23.016	,	1.94480461147993
23.028	,	1.9521530843271
23.04	,	1.93483800776794
23.052	,	1.93788947028995
23.064	,	1.89366656843098
23.076	,	1.89937519886047
23.088	,	1.92438159460046
23.1	,	1.91133083715016
23.112	,	1.94147181821339
23.124	,	1.96204292858866
23.136	,	1.94275298223924
23.148	,	1.9037082188897
23.16	,	1.92636760982249
23.172	,	1.9094269682223
23.184	,	1.89906412437834
23.196	,	1.90572741581325
23.208	,	1.85200611096719
23.22	,	1.8802502550607
23.232	,	1.88703779605758
23.244	,	1.9200337782682
23.256	,	1.94427397070535
23.268	,	1.90254667708162
23.28	,	1.93381491377962
23.292	,	1.96460095168264
23.304	,	1.91771552737653
23.316	,	1.92807217255501
23.328	,	1.89989005480091
23.34	,	1.89187433867921
23.352	,	1.87487630718734
23.364	,	1.85814251419088
23.376	,	1.88786887616326
23.388	,	1.86603414836716
23.4	,	1.88114121271203
23.412	,	1.93917838814245
23.424	,	1.8810082221861
23.436	,	1.93282972305656
23.448	,	1.87577523415799
23.46	,	1.87721860356584
23.472	,	1.87019521732119
23.484	,	1.88694532791099
23.496	,	1.86744123433271
23.508	,	1.8196395331897
23.52	,	1.87520372790938
23.532	,	1.85362054744575
23.544	,	1.84285992595102
23.556	,	1.91171233170432
23.568	,	1.88301461671498
23.58	,	1.88518652299798
23.592	,	1.93554321967608
23.604	,	1.8920492930577
23.616	,	1.90665842580852
23.628	,	1.84375739584018
23.64	,	1.85457563401671
23.652	,	1.84963481139913
23.664	,	1.82387737966139
23.676	,	1.85347632929371
23.688	,	1.84110220645203
23.7	,	1.88006378686429
23.712	,	1.89672791076581
23.724	,	1.84780577418524
23.736	,	1.88391587392966
23.748	,	1.83194356456655
23.76	,	1.84319768369866
23.772	,	1.85100020782259
23.784	,	1.83636946673321
23.796	,	1.83022577465216
23.808	,	1.77367036459021
23.82	,	1.78156857425815
23.832	,	1.83672135876569
23.844	,	1.80788040038896
23.856	,	1.81321401314498
23.868	,	1.83664769412499
23.88	,	1.83618985013642
23.892	,	1.84858585660791
23.904	,	1.86204920768856
23.916	,	1.84526734996471
23.928	,	1.83762950147763
23.94	,	1.85212366380164
23.952	,	1.83889794217892
23.964	,	1.85402469543797
23.976	,	1.89109878267112
23.988	,	1.84286675801747
24	,	1.92475307539794
24.012	,	1.92264895394622
24.024	,	1.95101541634729
24.036	,	1.94680040433339
24.048	,	1.92887498246385
24.06	,	1.95498121748272
24.072	,	1.94213879174296
24.084	,	1.93523517857488
24.096	,	1.95936954433956
24.108	,	1.95331222888814
24.12	,	1.95850863847945
24.132	,	1.95037841764415
24.144	,	1.9859909757924
24.156	,	1.98714325148415
24.168	,	1.98033687976284
24.18	,	2.01449292299858
24.192	,	2.02497805686959
24.204	,	1.99541604585329
24.216	,	1.97803850691383
24.228	,	1.94658212940227
24.24	,	1.95174768705867
24.252	,	1.9616552269553
24.264	,	1.93768050394448
24.276	,	1.91933969939172
24.288	,	1.93703477012811
24.3	,	1.94329454587771
24.312	,	1.95041519339118
24.324	,	1.93323295806728
24.336	,	1.96979045348762
24.348	,	1.93983840726615
24.36	,	1.9361230780986
24.372	,	1.93770496596195
24.384	,	1.89647819419076
24.396	,	1.89196728423686
24.408	,	1.91684394159169
24.42	,	1.9145600920526
24.432	,	1.93579514624646
24.444	,	1.90633696644167
24.456	,	1.94574809707968
24.468	,	1.92215259942875
24.48	,	1.92422939843978
24.492	,	1.95917987526987
24.504	,	1.94857556047414
24.516	,	1.95665327990479
24.528	,	1.89247141319316
24.54	,	1.92020390316978
24.552	,	1.92686064018668
24.564	,	1.89196187332923
24.576	,	1.89760356503387
24.588	,	1.89015639010812
24.6	,	1.91627681932247
24.612	,	1.94079853346809
24.624	,	1.92861434139271
24.636	,	1.95452908993166
24.648	,	1.89520859572044
24.66	,	1.93016319199067
24.672	,	1.92191081181719
24.684	,	1.89877725926439
24.696	,	1.85445204898436
24.708	,	1.85110010793174
24.72	,	1.86090074958311
24.732	,	1.8999972394851
24.744	,	1.85293354759185
24.756	,	1.91467259961034
24.768	,	1.91214269619074
24.78	,	1.90554835435524
24.792	,	1.92497368338177
24.804	,	1.89070293330781
24.816	,	1.92357251064516
24.828	,	1.89026071679183
24.84	,	1.88901488333555
24.852	,	1.85191296973705
24.864	,	1.85325387439907
24.876	,	1.88422482469917
24.888	,	1.85468599736544
24.9	,	1.85493538640923
24.912	,	1.8894748753201
24.924	,	1.90175989556468
24.936	,	1.89838152469693
24.948	,	1.86001320698226
24.96	,	1.89241030711006
24.972	,	1.86564202175978
24.984	,	1.84983053826128
24.996	,	1.85511761797882
25.008	,	1.79984031566388
25.02	,	1.83953105448764
25.032	,	1.84217447681106
25.044	,	1.84244112366597
25.056	,	1.85803883698257
25.068	,	1.86566923335705
25.08	,	1.87039391679098
25.092	,	1.90164632937343
25.104	,	1.88613856574221
25.116	,	1.86004093150618
25.128	,	1.83843920433711
25.14	,	1.84023228461985
25.152	,	1.85941709823109
25.164	,	1.86573006169471
25.176	,	1.90417841736386
25.188	,	1.89397385860963
25.2	,	1.90979070386914
25.212	,	1.96340247289561
25.224	,	1.94462457019944
25.236	,	2.00164668635917
25.248	,	1.97404863303877
25.26	,	1.97332787215586
25.272	,	1.99929670483844
25.284	,	1.97129242411153
25.296	,	1.98539734351558
25.308	,	1.95152873897275
25.32	,	1.97864321252454
25.332	,	1.957696647211
25.344	,	2.00087553823811
25.356	,	1.99964979714984
25.368	,	2.00997190739252
25.38	,	2.02008601843775
25.392	,	2.01073246717783
25.404	,	1.97270185640447
25.416	,	1.97690921547443
25.428	,	1.98975197995509
25.44	,	1.94060636863016
25.452	,	1.97306229889379
25.464	,	1.92231657487474
25.476	,	1.92564236419071
25.488	,	1.93772069492296
25.5	,	1.98158569760496
25.512	,	1.98059460128544
25.524	,	1.98011643689534
25.536	,	2.00943179443221
25.548	,	1.95963359320501
25.56	,	1.98721255489188
25.572	,	1.96342586247735
25.584	,	1.95155367201176
25.596	,	1.93643349796613
25.608	,	1.92674434277574
25.62	,	1.94235329373087
25.632	,	1.92890451608489
25.644	,	1.92294515591292
25.656	,	1.9312983523579
25.668	,	1.95637423486586
25.68	,	1.9687643295002
25.692	,	1.9901930600353
25.704	,	1.93442294956322
25.716	,	1.96135554812839
25.728	,	1.91848474393515
25.74	,	1.92926066821597
25.752	,	1.91660820437846
25.764	,	1.88461383832166
25.776	,	1.89602694506966
25.788	,	1.92268983549209
25.8	,	1.90016628970676
25.812	,	1.92490401491448
25.824	,	1.94408547055394
25.836	,	1.95327135910035
25.848	,	1.93495453815351
25.86	,	1.93428135488054
25.872	,	1.90301376713041
25.884	,	1.8838629173861
25.896	,	1.90347107179611
25.908	,	1.88093478412229
25.92	,	1.88645610014867
25.932	,	1.87897535318761
25.944	,	1.89176643189205
25.956	,	1.91024647855735
25.968	,	1.88227245967005
25.98	,	1.90281901933259
25.992	,	1.94927031149147
26.004	,	1.92493302823688
26.016	,	1.92845534380795
26.028	,	1.90325580579746
26.04	,	1.88795278688877
26.052	,	1.86260943680638
26.064	,	1.85085249164034
26.076	,	1.86371214697959
26.088	,	1.86045295360739
26.1	,	1.87768589033115
26.112	,	1.88530717861543
26.124	,	1.90329254315107
26.136	,	1.89549207282153
26.148	,	1.86568336232618
26.16	,	1.85839447785866
26.172	,	1.85724515224798
26.184	,	1.83144602679543
26.196	,	1.8211324163108
26.208	,	1.83320407292995
26.22	,	1.84496556979121
26.232	,	1.8591975400385
26.244	,	1.81843532273901
26.256	,	1.86472011891019
26.268	,	1.86659495652679
26.28	,	1.89714616857821
26.292	,	1.87641114120888
26.304	,	1.85946336144768
26.316	,	1.89421228760291
26.328	,	1.87622503522898
26.34	,	1.86320641459647
26.352	,	1.88042579930818
26.364	,	1.85793397956857
26.376	,	1.87073612595975
26.388	,	1.91415632666836
26.4	,	1.91270478300863
26.412	,	1.95252082175369
26.424	,	1.94203142131533
26.436	,	2.00933496112076
26.448	,	1.96274605792092
26.46	,	1.96651161343555
26.472	,	2.00459279920347
26.484	,	1.98208274312429
26.496	,	1.98650022508315
26.508	,	1.94140988033714
26.52	,	1.95050942620649
26.532	,	1.99205127034755
26.544	,	1.98175749705482
26.556	,	2.00767725533231
26.568	,	2.00801782247632
26.58	,	2.04632072006307
26.592	,	2.03006270726121
26.604	,	2.02454086050118
26.616	,	2.01401179218968
26.628	,	1.95462680045588
26.64	,	1.97118993723682
26.652	,	1.98018522754507
26.664	,	1.96716838186521
26.676	,	1.94653232758956
26.688	,	1.94555179904896
26.7	,	1.95623240987933
26.712	,	1.97737633658746
26.724	,	1.97673239550239
26.736	,	2.01517626676606
26.748	,	1.9746953957817
26.76	,	1.99231045667492
26.772	,	1.94876243311117
26.784	,	1.95196079553499
26.796	,	1.93771305926549
26.808	,	1.92095125741324
26.82	,	1.91164579042975
26.832	,	1.944747393135
26.844	,	1.91246357298351
26.856	,	1.95079220981511
26.868	,	1.9703854581936
26.88	,	1.99417013654437
26.892	,	1.95992511968792
26.904	,	1.97685103675043
26.916	,	1.979288599867
26.928	,	1.94015270931162
26.94	,	1.90814279422398
26.952	,	1.90656829576781
26.964	,	1.88359672019786
26.976	,	1.89885110044766
26.988	,	1.90687196533661
27	,	1.93917419876321
27.012	,	1.95571421877676
27.024	,	1.92652101518016
27.036	,	1.9722182468751
27.048	,	1.91510452702068
27.06	,	1.9555409578515
27.072	,	1.93010808164885
27.084	,	1.90321569885248
27.096	,	1.8980410004189
27.108	,	1.89176235650841
27.12	,	1.9027250458445
27.132	,	1.91304150562131
27.144	,	1.88027264468371
27.156	,	1.89964347862557
27.168	,	1.91346008727512
27.18	,	1.91080136187529
27.192	,	1.93994431317092
27.204	,	1.90452846647163
27.216	,	1.89824442404854
27.228	,	1.88247215603
27.24	,	1.90392209036008
27.252	,	1.90746213139092
27.264	,	1.84936027525944
27.276	,	1.87670918942711
27.288	,	1.89067149484322
27.3	,	1.87135656296311
27.312	,	1.88681648002388
27.324	,	1.87804168518654
27.336	,	1.92403137558865
27.348	,	1.90273044319077
27.36	,	1.85894250318581
27.372	,	1.88155001741851
27.384	,	1.86394638255231
27.396	,	1.85835420738323
27.408	,	1.82633390695652
27.42	,	1.84893169439159
27.432	,	1.84595346077995
27.444	,	1.83966478603811
27.456	,	1.84119735175678
27.468	,	1.83816038126378
27.48	,	1.88383137324889
27.492	,	1.91669325849166
27.504	,	1.86268712200135
27.516	,	1.88171580866963
27.528	,	1.83665046564117
27.54	,	1.87079183888599
27.552	,	1.87730988250559
27.564	,	1.88773574848796
27.576	,	1.90940098244917
27.588	,	1.90599348945491
27.6	,	1.94624594302433
27.612	,	1.97995798023889
27.624	,	1.97855149038558
27.636	,	1.99796178544384
27.648	,	1.9945379899951
27.66	,	1.99482294339878
27.672	,	1.97199130626644
27.684	,	1.98139171699667
27.696	,	1.97090967837521
27.708	,	1.92908482852994
27.72	,	1.96910280254931
27.732	,	2.0077206674139
27.744	,	1.99623486265723
27.756	,	2.0016043374413
27.768	,	1.99921366562569
27.78	,	2.01300685745419
27.792	,	2.02965111435453
27.804	,	1.99949511092259
27.816	,	2.02436020575239
27.828	,	1.98745666638291
27.84	,	1.98110163565349
27.852	,	1.9802023952567
27.864	,	1.94785031011883
27.876	,	1.93547911688445
27.888	,	1.9583876206541
27.9	,	1.95389082969983
27.912	,	1.99448232948154
27.924	,	1.95228903392806
27.936	,	2.01161210356531
27.948	,	1.98281951813011
27.96	,	1.98576606203354
27.972	,	1.97990535346044
27.984	,	1.92376800106572
27.996	,	1.93464225859819
28.008	,	1.9101425930912
28.02	,	1.9281873057747
28.032	,	1.93176131780094
28.044	,	1.9244013686029
28.056	,	1.95356199750319
28.068	,	1.94382910412503
28.08	,	1.98455254405087
28.092	,	1.98257939981323
28.104	,	1.95757084777073
28.116	,	1.92912557784407
28.128	,	1.89918424243409
28.14	,	1.92570432473285
28.152	,	1.91738941363168
28.164	,	1.89368112509665
28.176	,	1.88687784448593
28.188	,	1.91794589552885
28.2	,	1.91324055383234
28.212	,	1.94359116572702
28.224	,	1.95751175328457
28.236	,	1.95567460829938
28.248	,	1.9325096368034
28.26	,	1.91213209056461
28.272	,	1.93793326809909
28.284	,	1.88168263913726
28.296	,	1.90022030096087
28.308	,	1.886011276689
28.32	,	1.865138632972
28.332	,	1.86986920737706
28.344	,	1.90995676628518
28.356	,	1.88820843196634
28.368	,	1.92391264694755
28.38	,	1.89764885547544
28.392	,	1.95372829148524
28.404	,	1.91971181809672
28.416	,	1.88674955263536
28.428	,	1.87595890212132
28.44	,	1.88235974218006
28.452	,	1.85475754712057
28.464	,	1.83643141815985
28.476	,	1.87956807923494
28.488	,	1.85656556012279
28.5	,	1.899810010753
28.512	,	1.87326495613555
28.524	,	1.90360871779222
28.536	,	1.90010507300725
28.548	,	1.90057032375119
28.56	,	1.87730028963367
28.572	,	1.85695457619923
28.584	,	1.86177381647873
28.596	,	1.82258340632541
28.608	,	1.79760779877201
28.62	,	1.80063923371941
28.632	,	1.84820103921813
28.644	,	1.80520212248955
28.656	,	1.83292119645458
28.668	,	1.82986156760452
28.68	,	1.87652811171615
28.692	,	1.87211849035637
28.704	,	1.85827869517005
28.716	,	1.86394417274891
28.728	,	1.84849593837542
28.74	,	1.88047628009932
28.752	,	1.84531913347356
28.764	,	1.83442382358382
28.776	,	1.90631565211441
28.788	,	1.86619959136412
28.8	,	1.9070705367699
28.812	,	1.92964450046831
28.824	,	1.93320277361223
28.836	,	1.99650343586858
28.848	,	1.96814865953453
28.86	,	1.96594520331816
28.872	,	1.95379045070657
28.884	,	1.96151970209419
28.896	,	1.95702961729611
28.908	,	1.94883912357062
28.92	,	1.9663878895204
28.932	,	1.99338354544167
28.944	,	1.95662965508474
28.956	,	2.02423757461309
28.968	,	2.00474495423023
28.98	,	2.00726273169907
28.992	,	2.03900856014436
29.004	,	1.97752539986928
29.016	,	2.00307528957696
29.028	,	1.95751548241378
29.04	,	1.97607063797102
29.052	,	1.93082787000017
29.064	,	1.94465094762356
29.076	,	1.95898609715901
29.088	,	1.9347276140966
29.1	,	1.97259005554002
29.112	,	1.96739602288611
29.124	,	1.95451328241565
29.136	,	1.99476669291662
29.148	,	1.94105174832103
29.16	,	1.94871169881385
29.172	,	1.95317066001534
29.184	,	1.91462310508234
29.196	,	1.89764757882764
29.208	,	1.90048410738585
29.22	,	1.90833785117859
29.232	,	1.94600009095932
29.244	,	1.90401711057859
29.256	,	1.95490856407304
29.268	,	1.94182407986816
29.28	,	1.93532100435706
29.292	,	1.96102898411562
29.304	,	1.92546880526994
29.316	,	1.91869473752639
29.328	,	1.9242886194668
29.34	,	1.93071453552442
29.352	,	1.92051034654407
29.364	,	1.89890920972177
29.376	,	1.8910352795639
29.388	,	1.89883728413364
29.4	,	1.92671436231111
29.412	,	1.9467964178693
29.424	,	1.94463277183483
29.436	,	1.91572153554199
29.448	,	1.89020612892697
29.46	,	1.90257900962845
29.472	,	1.93104660587482
29.484	,	1.89260771054337
29.496	,	1.85955520956486
29.508	,	1.8738250761031
29.52	,	1.85853166285281
29.532	,	1.87816308669409
29.544	,	1.87043015340004
29.556	,	1.91947718377165
29.568	,	1.88826345957059
29.58	,	1.92470642226705
29.592	,	1.89768261019996
29.604	,	1.89894643928663
29.616	,	1.88294781713221
29.628	,	1.85714815843566
29.64	,	1.85606481537969
29.652	,	1.83974140987451
29.664	,	1.85252297751058
29.676	,	1.83087181057747
29.688	,	1.82235432747731
29.7	,	1.85740981416916
29.712	,	1.8863719094126
29.724	,	1.89866720861079
29.736	,	1.89616922319678
29.748	,	1.8788864837654
29.76	,	1.88428597469245
29.772	,	1.86183743155176
29.784	,	1.83876836153613
29.796	,	1.83854336635476
29.808	,	1.80982361707
29.82	,	1.79007255588991
29.832	,	1.81729508847395
29.844	,	1.82159606192737
29.856	,	1.84332815039787
29.868	,	1.83622312940348
29.88	,	1.83183393119174
29.892	,	1.8488031515304
29.904	,	1.87783888139625
29.916	,	1.84498324446341
29.928	,	1.84520625158249
29.94	,	1.84737274203304
29.952	,	1.86613939741242
29.964	,	1.86613951396059
29.976	,	1.86323053075875
29.988	,	1.88142251365035
30	,	1.90038204512523
